sweep,helix,delta,count,total_skips,twist_deg,bend_deg,rmsd_nm,dev_max_nm,dev_mean_nm,n_core,solve_s,error
axis,h_XY_0_0,-6,4,174,15.18,4.775,0.6349,1.8947,0.5675,14052,363.3,
axis,h_XY_0_0,-4,6,176,14.868,3.202,0.5348,1.5574,0.4779,14048,369.2,
axis,h_XY_0_0,-8,2,172,15.552,6.295,0.7536,2.2387,0.6707,14056,378.7,
axis,h_XY_0_0,-2,8,178,14.534,1.851,0.4657,1.2303,0.4093,14044,372.7,
axis,h_XY_0_0,-1,9,179,14.382,1.084,0.4475,1.0735,0.3869,14042,374.7,
axis,h_XY_0_0,1,11,181,14.081,1.02,0.4509,1.0805,0.3903,14038,377.2,
axis,h_XY_0_0,2,12,182,13.967,1.645,0.4721,1.2265,0.4162,14036,369.3,
axis,h_XY_0_0,6,16,186,13.404,4.51,0.6499,1.8865,0.5872,14028,363.7,
axis,h_XY_0_0,4,14,184,13.652,3.021,0.5462,1.5457,0.4915,14032,367.2,
axis,h_XY_0_0,8,18,188,13.169,6.043,0.7713,2.2398,0.6957,14024,369.2,
axis,h_XY_0_0,16,26,196,12.07,11.821,1.3316,3.7145,1.1863,14008,372.6,
axis,h_XY_0_0,12,22,192,12.6,8.904,1.0422,2.9682,0.9339,14016,377.3,
axis,h_XY_0_0,20,30,200,11.426,14.832,1.6301,4.4733,1.4461,14000,374.2,
axis,h_XY_0_1,-8,2,172,16.237,5.822,0.7189,2.188,0.6364,14056,378.4,
axis,h_XY_0_1,-4,6,176,15.191,2.929,0.5253,1.5257,0.4667,14048,366.5,
axis,h_XY_0_1,-2,8,178,14.699,1.736,0.4646,1.2166,0.4065,14044,366.6,
axis,h_XY_0_1,-6,4,174,15.723,4.372,0.6134,1.8472,0.5452,14052,374.7,
axis,h_XY_0_1,-1,9,179,14.441,1.026,0.4481,1.0676,0.3866,14042,374.8,
axis,h_XY_0_1,2,12,182,13.673,1.588,0.4644,1.1935,0.408,14036,369.6,
axis,h_XY_0_1,1,11,181,13.928,0.941,0.448,1.0669,0.3871,14038,373.9,
axis,h_XY_0_1,4,14,184,13.164,2.932,0.5247,1.463,0.4709,14032,370.9,
axis,h_XY_0_1,6,16,186,12.599,4.204,0.612,1.7457,0.5527,14028,380.2,
axis,h_XY_0_1,12,22,192,11.062,8.398,0.9528,2.6297,0.8561,14016,361.3,
axis,h_XY_0_1,8,18,188,12.123,5.592,0.7164,2.0362,0.6469,14024,376.3,
axis,h_XY_0_1,16,26,196,9.946,11.059,1.2074,3.2324,1.079,14008,373.4,
axis,h_XY_0_1,20,30,200,8.799,13.76,1.4702,3.8406,1.3082,14000,371.5,
axis,h_XY_0_2,-4,6,176,15.285,2.954,0.5199,1.5015,0.4606,14048,365.4,
axis,h_XY_0_2,-8,2,172,16.307,5.534,0.7018,2.147,0.6194,14056,373.6,
axis,h_XY_0_2,-6,4,174,15.78,4.159,0.6024,1.8208,0.5338,14052,375.4,
axis,h_XY_0_2,-2,8,178,14.722,1.641,0.4634,1.2002,0.4047,14044,373.6,
axis,h_XY_0_2,-1,9,179,14.454,0.964,0.448,1.0595,0.3862,14042,364.4,
axis,h_XY_0_2,2,12,182,13.645,1.526,0.4619,1.1936,0.4049,14036,367.7,
axis,h_XY_0_2,1,11,181,13.915,0.873,0.4472,1.0684,0.3859,14038,375.4,
axis,h_XY_0_2,6,16,186,12.584,4.014,0.5971,1.7251,0.5383,14028,370.6,
axis,h_XY_0_2,4,14,184,13.123,2.769,0.5167,1.4551,0.4626,14032,377.7,
axis,h_XY_0_2,8,18,188,12.029,5.336,0.694,1.9996,0.6261,14024,371.6,
axis,h_XY_0_2,12,22,192,10.855,7.998,0.9152,2.555,0.8223,14016,377.9,
axis,h_XY_0_2,16,26,196,9.76,10.619,1.1544,3.1137,1.0321,14008,371.8,
axis,h_XY_0_2,20,30,200,8.655,13.027,1.4015,3.6728,1.248,14000,366.7,
axis,h_XY_0_3,-8,2,172,16.326,5.487,0.7019,2.124,0.6195,14056,370.0,
axis,h_XY_0_3,-6,4,174,15.81,4.194,0.6024,1.8055,0.5339,14052,375.3,
axis,h_XY_0_3,-4,6,176,15.242,3.022,0.52,1.4932,0.4607,14048,372.1,
axis,h_XY_0_3,-2,8,178,14.727,1.649,0.4634,1.1958,0.4048,14044,373.6,
axis,h_XY_0_3,-1,9,179,14.459,1.023,0.448,1.0624,0.3863,14042,375.3,
axis,h_XY_0_3,2,12,182,13.644,1.482,0.4618,1.1846,0.4048,14036,363.1,
axis,h_XY_0_3,1,11,181,13.916,0.803,0.4472,1.0646,0.3858,14038,378.3,
axis,h_XY_0_3,4,14,184,13.084,2.799,0.5165,1.445,0.4625,14032,371.5,
axis,h_XY_0_3,6,16,186,12.601,4.024,0.5968,1.7161,0.5382,14028,366.2,
axis,h_XY_0_3,8,18,188,12.003,5.27,0.6935,1.9907,0.6259,14024,372.4,
axis,h_XY_0_3,12,22,192,10.834,8.003,0.9144,2.5449,0.8218,14016,369.6,
axis,h_XY_0_3,16,26,196,9.648,10.537,1.1531,3.1017,1.0313,14008,376.3,
axis,h_XY_0_4,-8,2,172,16.005,5.844,0.721,2.1246,0.6387,14056,364.3,
axis,h_XY_0_3,20,30,200,8.494,12.958,1.3999,3.6584,1.2469,14000,378.4,
axis,h_XY_0_4,-6,4,174,15.611,4.254,0.6146,1.8117,0.5467,14052,376.6,
axis,h_XY_0_4,-4,6,176,15.103,2.893,0.5258,1.5072,0.4675,14048,368.4,
axis,h_XY_0_4,-2,8,178,14.636,1.741,0.4646,1.2119,0.4069,14044,365.9,
axis,h_XY_0_4,-1,9,179,14.406,1.047,0.448,1.0701,0.3869,14042,373.3,
axis,h_XY_0_4,1,11,181,13.946,0.775,0.4483,1.0706,0.387,14038,373.3,
axis,h_XY_0_4,4,14,184,13.291,2.873,0.5261,1.4969,0.4719,14032,363.5,
axis,h_XY_0_4,2,12,182,13.714,1.477,0.4649,1.2005,0.4082,14036,374.7,
axis,h_XY_0_4,6,16,186,12.794,4.178,0.6144,1.8058,0.5543,14028,373.7,
axis,h_XY_0_4,8,18,188,12.331,5.487,0.7198,2.1219,0.6491,14024,368.2,
axis,h_XY_0_4,12,22,192,11.395,8.219,0.9581,2.7651,0.8593,14016,372.2,
axis,h_XY_0_4,16,26,196,10.431,10.843,1.2144,3.4163,1.0832,14008,372.5,
axis,h_XY_0_4,20,30,200,9.335,13.613,1.4788,4.0715,1.3134,14000,376.2,
axis,h_XY_0_5,-6,4,174,15.04,4.739,0.635,1.8575,0.5681,14052,368.1,
axis,h_XY_0_5,-8,2,172,15.362,6.325,0.7539,2.1856,0.6715,14056,377.5,
axis,h_XY_0_5,-4,6,176,14.812,3.082,0.5347,1.5354,0.4783,14048,374.0,
axis,h_XY_0_5,-2,8,178,14.489,1.815,0.4655,1.2241,0.4097,14044,373.1,
axis,h_XY_0_5,-1,9,179,14.359,1.094,0.4474,1.0756,0.3873,14042,370.4,
axis,h_XY_0_5,1,11,181,14.107,1.005,0.4511,1.0768,0.3901,14038,368.1,
axis,h_XY_0_5,2,12,182,13.998,1.559,0.4725,1.2242,0.4162,14036,370.2,
axis,h_XY_0_5,6,16,186,13.543,4.517,0.6513,1.9247,0.5881,14028,367.8,
axis,h_XY_0_5,4,14,184,13.726,2.914,0.5472,1.5667,0.492,14032,380.9,
axis,h_XY_0_5,8,18,188,13.313,5.951,0.7732,2.2882,0.6968,14024,376.0,
axis,h_XY_0_5,12,22,192,12.771,8.859,1.0449,3.0378,0.935,14016,377.1,
axis,h_XY_0_5,20,30,200,11.774,14.847,1.6339,4.5885,1.4474,14000,373.8,
axis,h_XY_0_5,16,26,196,12.367,11.83,1.335,3.8076,1.1876,14008,379.0,
axis,h_XY_1_5,-8,2,172,17.934,3.167,0.5808,1.5556,0.5219,14056,371.2,
axis,h_XY_1_5,-6,4,174,17.004,2.342,0.5301,1.3722,0.4728,14052,363.6,
axis,h_XY_1_5,-4,6,176,16.099,1.806,0.4884,1.2018,0.4302,14048,365.2,
axis,h_XY_1_5,-2,8,178,15.117,1.198,0.4584,1.0507,0.3967,14044,378.4,
axis,h_XY_1_5,-1,9,179,14.649,0.865,0.4486,0.9854,0.3848,14042,374.5,
axis,h_XY_1_5,1,11,181,13.721,0.688,0.4402,0.9496,0.3784,14038,373.5,
axis,h_XY_1_5,2,12,182,13.261,0.986,0.442,0.9764,0.3846,14036,373.3,
axis,h_XY_1_5,4,14,184,12.328,1.358,0.4573,1.0536,0.4081,14032,378.5,
axis,h_XY_1_5,6,16,186,11.413,2.152,0.4867,1.1579,0.4421,14028,371.8,
axis,h_XY_1_5,8,18,188,10.493,2.853,0.528,1.2793,0.4841,14024,367.0,
axis,h_XY_1_5,12,22,192,8.668,4.311,0.6364,1.5543,0.5847,14016,366.2,
axis,h_XY_1_5,20,30,200,4.891,7.133,0.9096,2.3299,0.8249,14000,372.4,
axis,h_XY_1_5,16,26,196,6.783,5.701,0.7667,1.9201,0.7001,14008,378.8,
axis,h_XY_1_4,-8,2,172,17.943,1.886,0.5202,1.2813,0.4575,14056,366.4,
axis,h_XY_1_4,-6,4,174,16.985,1.595,0.4933,1.1792,0.4307,14052,372.4,
axis,h_XY_1_4,-4,6,176,16.022,1.337,0.4709,1.0825,0.4075,14048,374.2,
axis,h_XY_1_4,-2,8,178,15.115,0.908,0.4537,0.9927,0.3892,14044,376.2,
axis,h_XY_1_4,-1,9,179,14.646,0.728,0.4473,0.9607,0.3825,14042,372.3,
axis,h_XY_1_4,1,11,181,13.712,0.467,0.4392,0.9419,0.3764,14038,362.7,
axis,h_XY_1_4,2,12,182,13.246,0.735,0.4375,0.9389,0.3774,14036,373.7,
axis,h_XY_1_4,6,16,186,11.368,1.394,0.4472,1.0036,0.3987,14028,372.0,
axis,h_XY_1_4,8,18,188,10.464,1.668,0.4613,1.0555,0.4168,14024,365.5,
axis,h_XY_1_4,4,14,184,12.311,1.199,0.4391,0.9607,0.3852,14032,377.9,
axis,h_XY_1_4,12,22,192,8.555,2.523,0.5057,1.1818,0.4642,14016,364.3,
axis,h_XY_1_4,16,26,196,6.662,3.525,0.5671,1.3307,0.5231,14008,376.8,
axis,h_XY_1_4,20,30,200,4.774,4.46,0.6407,1.5067,0.5905,14000,374.1,
axis,h_XY_1_3,-8,2,172,17.954,0.957,0.4865,1.1274,0.4136,14056,365.9,
axis,h_XY_1_3,-6,4,174,17.02,0.853,0.4734,1.0733,0.4027,14052,375.0,
axis,h_XY_1_3,-4,6,176,16.08,0.721,0.4616,1.0219,0.3929,14048,373.1,
axis,h_XY_1_3,1,11,181,13.704,0.448,0.4387,0.9353,0.3754,14038,366.0,
axis,h_XY_1_3,-2,8,178,15.133,0.577,0.4513,0.9777,0.3846,14044,377.5,
axis,h_XY_1_3,-1,9,179,14.658,0.51,0.4467,0.9629,0.3811,14042,376.8,
axis,h_XY_1_3,2,12,182,13.225,0.433,0.4354,0.9226,0.3734,14036,369.3,
axis,h_XY_1_3,4,14,184,12.263,0.594,0.4301,0.9011,0.3709,14032,374.4,
axis,h_XY_1_3,6,16,186,11.295,0.754,0.4267,0.8919,0.3703,14028,365.0,
axis,h_XY_1_3,12,22,192,8.351,1.168,0.4282,0.8789,0.3789,14016,373.8,
axis,h_XY_1_3,8,18,188,10.32,0.886,0.4252,0.8851,0.3715,14024,376.2,
axis,h_XY_1_2,-8,2,172,18.008,0.949,0.4864,1.1554,0.4126,14056,368.8,
axis,h_XY_1_3,16,26,196,6.327,1.44,0.439,0.8894,0.3926,14008,376.4,
axis,h_XY_1_3,20,30,200,4.344,1.47,0.4571,0.9242,0.4121,14000,377.7,
axis,h_XY_1_2,-6,4,174,17.06,0.792,0.4733,1.0936,0.4018,14052,373.7,
axis,h_XY_1_2,-4,6,176,16.104,0.653,0.4616,1.0351,0.3923,14048,375.6,
axis,h_XY_1_2,-2,8,178,15.142,0.463,0.4512,0.9898,0.3843,14044,376.6,
axis,h_XY_1_2,-1,9,179,14.658,0.441,0.4467,0.9687,0.3809,14042,367.0,
axis,h_XY_1_2,2,12,182,13.199,0.576,0.4354,0.9122,0.3737,14036,369.5,
axis,h_XY_1_2,1,11,181,13.687,0.481,0.4387,0.9298,0.3756,14038,374.2,
axis,h_XY_1_2,4,14,184,12.218,0.643,0.4301,0.8956,0.3714,14032,381.1,
axis,h_XY_1_2,6,16,186,11.232,0.795,0.4267,0.8913,0.3708,14028,380.2,
axis,h_XY_1_2,8,18,188,10.239,0.917,0.4252,0.89,0.372,14024,377.7,
axis,h_XY_1_2,12,22,192,8.232,1.196,0.4282,0.8962,0.3792,14016,381.6,
axis,h_XY_1_2,16,26,196,6.195,1.443,0.4391,0.9148,0.3928,14008,379.9,
axis,h_XY_1_1,-6,4,174,17.232,1.465,0.4938,1.1945,0.43,14052,368.6,
axis,h_XY_1_2,20,30,200,4.143,1.587,0.4574,0.9452,0.4123,14000,380.3,
axis,h_XY_1_1,-8,2,172,18.271,1.762,0.5208,1.2973,0.4568,14056,374.8,
axis,h_XY_1_1,-2,8,178,15.229,0.826,0.454,1.0099,0.3886,14044,378.2,
axis,h_XY_1_1,-4,6,176,16.242,1.281,0.4713,1.0969,0.4069,14048,382.8,
axis,h_XY_1_1,-1,9,179,14.721,0.533,0.4475,0.977,0.3821,14042,376.6,
axis,h_XY_1_1,1,11,181,13.706,0.585,0.4391,0.9259,0.3768,14038,370.4,
axis,h_XY_1_1,2,12,182,13.199,0.764,0.4373,0.9369,0.3779,14036,367.9,
axis,h_XY_1_1,4,14,184,12.181,1.233,0.4387,0.9713,0.3855,14032,375.7,
axis,h_XY_1_1,8,18,188,10.156,1.857,0.4607,1.067,0.4167,14024,373.2,
axis,h_XY_1_1,6,16,186,11.156,1.61,0.4466,1.0151,0.3988,14028,375.1,
axis,h_XY_1_1,12,22,192,8.082,2.548,0.5052,1.1912,0.464,14016,373.8,
axis,h_XY_1_1,16,26,196,5.998,3.523,0.567,1.3538,0.523,14008,379.8,
axis,h_XY_1_1,20,30,200,3.871,4.451,0.6412,1.5701,0.5908,14000,373.9,
axis,h_XY_1_0,-6,4,174,17.343,2.201,0.5314,1.3308,0.4728,14052,368.0,
axis,h_XY_1_0,-8,2,172,18.408,2.888,0.5823,1.5004,0.522,14056,373.6,
axis,h_XY_1_0,-4,6,176,16.276,1.597,0.4895,1.1756,0.43,14048,375.6,
axis,h_XY_1_0,-1,9,179,14.681,0.709,0.4489,0.9875,0.3844,14042,375.0,
axis,h_XY_1_0,-2,8,178,15.21,1.169,0.459,1.0398,0.3963,14044,383.1,
axis,h_XY_1_0,1,11,181,13.631,0.65,0.44,0.9404,0.3788,14038,376.3,
axis,h_XY_1_0,2,12,182,13.11,1.143,0.4414,0.9744,0.3848,14036,377.9,
axis,h_XY_1_0,8,18,188,9.997,2.892,0.5259,1.2808,0.4829,14024,372.2,
axis,h_XY_1_0,4,14,184,12.13,1.682,0.4561,1.0595,0.4078,14032,379.8,
axis,h_XY_1_0,6,16,186,11.034,2.142,0.485,1.163,0.4413,14028,382.2,
axis,h_XY_1_0,16,26,196,5.944,5.861,0.764,1.9526,0.6983,14008,372.7,
axis,h_XY_1_0,12,22,192,7.918,4.35,0.6339,1.5878,0.5831,14016,379.0,
axis,h_XY_1_0,20,30,200,3.807,7.402,0.9071,2.3411,0.8231,14000,385.0,
axis,h_XY_2_0,-8,2,172,14.713,6.167,0.7513,2.2619,0.6691,14056,381.1,
axis,h_XY_2_0,-6,4,174,14.562,4.665,0.633,1.9143,0.5663,14052,380.8,
axis,h_XY_2_0,-4,6,176,14.484,3.037,0.5332,1.5737,0.4768,14048,368.8,
axis,h_XY_2_0,-2,8,178,14.31,1.748,0.4647,1.2463,0.4083,14044,378.1,
axis,h_XY_2_0,-1,9,179,14.257,0.961,0.447,1.0917,0.3861,14042,379.2,
axis,h_XY_2_0,1,11,181,14.161,0.969,0.4515,1.0706,0.3913,14038,369.6,
axis,h_XY_2_0,2,12,182,14.118,1.786,0.4735,1.2343,0.4177,14036,376.4,
axis,h_XY_2_0,4,14,184,14.026,3.045,0.5491,1.5952,0.494,14032,382.0,
axis,h_XY_2_0,6,16,186,13.995,4.546,0.6542,1.9814,0.5907,14028,375.8,
axis,h_XY_2_0,8,18,188,14.0,6.116,0.777,2.3817,0.7001,14024,381.3,
axis,h_XY_2_0,12,22,192,13.812,9.048,1.0508,3.2063,0.9401,14016,366.6,
axis,h_XY_2_0,20,30,200,13.704,15.026,1.6452,4.9081,1.457,14000,370.8,
axis,h_XY_2_0,16,26,196,13.766,12.106,1.3434,4.0504,1.1947,14008,376.9,
axis,h_XY_2_1,-8,2,172,16.26,5.632,0.7163,2.2115,0.6336,14056,368.5,
axis,h_XY_2_1,-6,4,174,15.716,4.175,0.6123,1.8802,0.5437,14052,371.6,
axis,h_XY_2_1,-2,8,178,14.683,1.592,0.4649,1.2397,0.406,14044,370.6,
axis,h_XY_2_1,-4,6,176,15.217,2.737,0.5253,1.5546,0.466,14048,380.1,
axis,h_XY_2_1,-1,9,179,14.423,0.813,0.4483,1.0896,0.3861,14042,377.5,
axis,h_XY_2_1,1,11,181,13.909,0.922,0.4477,1.0433,0.3875,14038,367.2,
axis,h_XY_2_1,2,12,182,13.65,1.689,0.4638,1.1786,0.4082,14036,373.4,
axis,h_XY_2_1,4,14,184,13.119,2.914,0.5235,1.4602,0.4708,14032,374.9,
axis,h_XY_2_1,6,16,186,12.632,4.265,0.6107,1.7499,0.5527,14028,366.4,
axis,h_XY_2_1,8,18,188,12.129,5.645,0.7153,2.0445,0.6473,14024,373.0,
axis,h_XY_2_1,12,22,192,11.026,8.282,0.9533,2.6424,0.8583,14016,362.6,
axis,h_XY_2_1,16,26,196,9.897,11.039,1.2108,3.2471,1.084,14008,380.4,
axis,h_XY_2_1,20,30,200,8.81,13.811,1.4774,3.8563,1.3169,14000,372.1,
axis,h_XY_2_2,-8,2,172,16.243,5.322,0.6999,2.1417,0.6163,14056,376.8,
axis,h_XY_2_2,-6,4,174,15.799,4.002,0.6021,1.8285,0.5325,14052,373.8,
axis,h_XY_2_2,-4,6,176,15.308,2.866,0.5205,1.5209,0.4601,14048,375.0,
axis,h_XY_2_2,-2,8,178,14.72,1.587,0.464,1.2236,0.4043,14044,365.8,
axis,h_XY_2_2,-1,9,179,14.452,0.86,0.4483,1.0821,0.3858,14042,374.4,
axis,h_XY_2_2,1,11,181,13.922,0.966,0.4468,1.0423,0.3863,14038,365.8,
axis,h_XY_2_2,4,14,184,13.12,2.994,0.5157,1.4474,0.4625,14032,369.5,
axis,h_XY_2_2,2,12,182,13.655,1.632,0.4611,1.1734,0.4051,14036,381.6,
axis,h_XY_2_2,6,16,186,12.601,4.159,0.5965,1.7278,0.5386,14028,370.3,
axis,h_XY_2_2,8,18,188,12.051,5.501,0.6944,2.0118,0.6273,14024,379.8,
axis,h_XY_2_2,12,22,192,10.925,8.16,0.9189,2.5855,0.8265,14016,377.3,
axis,h_XY_2_2,16,26,196,9.783,10.806,1.1629,3.1628,1.0404,14008,377.3,
axis,h_XY_2_3,-8,2,172,16.609,5.448,0.6996,2.1216,0.6159,14056,366.2,
axis,h_XY_2_2,20,30,200,8.67,13.508,1.416,3.7417,1.2615,14000,374.4,
axis,h_XY_2_3,-6,4,174,16.022,4.019,0.6021,1.8117,0.5323,14052,370.2,
axis,h_XY_2_3,-4,6,176,15.424,2.777,0.5208,1.5062,0.4602,14048,381.0,
axis,h_XY_2_3,-2,8,178,14.801,1.581,0.4643,1.2091,0.4045,14044,371.6,
axis,h_XY_2_3,1,11,181,13.883,0.949,0.4465,1.0374,0.386,14038,363.6,
axis,h_XY_2_3,-1,9,179,14.492,0.932,0.4486,1.0749,0.386,14042,381.3,
axis,h_XY_2_3,2,12,182,13.576,1.611,0.4604,1.1445,0.4045,14036,371.2,
axis,h_XY_2_3,4,14,184,12.952,2.858,0.5139,1.3858,0.4613,14032,364.6,
axis,h_XY_2_3,6,16,186,12.384,4.086,0.5936,1.6359,0.5367,14028,372.5,
axis,h_XY_2_3,8,18,188,11.707,5.419,0.6905,1.8899,0.6249,14024,373.1,
axis,h_XY_2_3,12,22,192,10.443,8.056,0.9133,2.4044,0.8233,14016,377.8,
axis,h_XY_2_3,16,26,196,9.18,10.741,1.1558,2.9235,1.0365,14008,373.5,
axis,h_XY_2_3,20,30,200,7.804,13.357,1.4079,3.4446,1.2571,14000,364.2,
axis,h_XY_2_4,-8,2,172,16.098,5.724,0.7178,2.2154,0.6344,14056,380.6,
axis,h_XY_2_4,-6,4,174,15.669,4.303,0.6135,1.869,0.5445,14052,373.3,
axis,h_XY_2_4,-4,6,176,15.143,2.963,0.5259,1.5396,0.4665,14048,364.1,
axis,h_XY_2_4,-2,8,178,14.661,1.707,0.4651,1.2252,0.4064,14044,370.5,
axis,h_XY_2_4,-1,9,179,14.421,1.013,0.4484,1.0738,0.3864,14042,372.5,
axis,h_XY_2_4,1,11,181,13.948,0.957,0.4478,1.0447,0.3873,14038,377.1,
axis,h_XY_2_4,2,12,182,13.711,1.745,0.464,1.177,0.4082,14036,373.4,
axis,h_XY_2_4,4,14,184,13.227,3.003,0.5244,1.4595,0.4712,14032,368.4,
axis,h_XY_2_4,12,22,192,11.272,8.49,0.9584,2.6313,0.8611,14016,365.3,
axis,h_XY_2_4,8,18,188,12.256,5.819,0.7181,2.0408,0.6489,14024,373.0,
axis,h_XY_2_4,6,16,186,12.776,4.345,0.6125,1.7483,0.5536,14028,380.2,
axis,h_XY_2_4,16,26,196,10.227,11.297,1.2181,3.2257,1.0881,14008,374.6,
axis,h_XY_2_4,20,30,200,9.182,14.05,1.4871,3.9096,1.3225,14000,365.9,
axis,h_XY_2_5,-8,2,172,15.723,5.968,0.7558,2.2566,0.6711,14056,380.3,
axis,h_XY_2_5,-6,4,174,15.31,4.59,0.6371,1.9083,0.5682,14052,376.8,
axis,h_XY_2_5,-4,6,176,14.895,2.968,0.5366,1.5641,0.4787,14048,377.1,
axis,h_XY_2_5,-1,9,179,14.354,1.08,0.448,1.0772,0.3871,14042,367.9,
axis,h_XY_2_5,-2,8,178,14.518,1.534,0.4667,1.2339,0.4098,14044,374.5,
axis,h_XY_2_5,1,11,181,13.998,1.041,0.4504,1.0587,0.3902,14038,372.3,
axis,h_XY_2_5,2,12,182,13.884,1.795,0.4712,1.216,0.4159,14036,374.9,
axis,h_XY_2_5,4,14,184,13.458,3.152,0.5449,1.5396,0.4912,14032,365.7,
axis,h_XY_2_5,6,16,186,13.193,4.711,0.6485,1.8702,0.5873,14028,366.1,
axis,h_XY_2_5,8,18,188,12.869,6.241,0.7701,2.205,0.6963,14024,309.6,
axis,h_XY_2_5,12,22,192,12.132,9.258,1.042,2.882,0.9355,14016,307.2,
axis,h_XY_2_5,16,26,196,11.513,12.234,1.3326,3.5649,1.189,14008,295.4,
axis,h_XY_2_5,20,30,200,10.729,15.22,1.6324,4.2523,1.45,14000,292.8,
