key,residue,group,atom,distance_nm
h_XY_0_1:7:FORWARD,DG,Helix,P,0.16754057505432185
h_XY_0_1:8:FORWARD,DC,Helix,P,0.15419034109140636
h_XY_0_1:9:FORWARD,DA,Helix,P,0.15795654702694506
h_XY_0_1:10:FORWARD,DT,Helix,P,0.1477797811109567
h_XY_0_1:11:FORWARD,DA,Helix,P,0.15795690491099043
h_XY_0_1:12:FORWARD,DC,Helix,P,0.15419233873810542
h_XY_0_1:13:FORWARD,DG,Helix,P,0.16754347716868673
h_XY_1_1:13:REVERSE,DT,Helix,P,0.14334478501354184
h_XY_1_1:12:REVERSE,DG,Helix,P,0.1667660475582923
h_XY_1_1:11:REVERSE,DG,Helix,P,0.16676506446002642
h_XY_1_1:10:REVERSE,DT,Helix,P,0.14858228886325334
h_XY_1_1:9:REVERSE,DA,Helix,P,0.15721206886017342
h_XY_1_1:8:REVERSE,DG,Helix,P,0.1667698449588081
h_XY_1_1:7:REVERSE,DC,Helix,P,0.1546350624622874
h_XY_1_1:27:REVERSE,DA,Helix,P,0.15721716526116059
h_XY_1_1:26:REVERSE,DT,Helix,P,0.14858193716418658
h_XY_1_1:25:REVERSE,DG,Helix,P,0.16677075949914724
h_XY_1_1:24:REVERSE,DT,Helix,P,0.14858051267346462
h_XY_1_1:23:REVERSE,DG,Helix,P,0.16676727559743532
h_XY_1_1:22:REVERSE,DC,Helix,P,0.1546343099540282
h_XY_1_1:21:REVERSE,DG,Helix,P,0.16676583318347657
h_XY_1_1:20:REVERSE,DG,Helix,P,0.16676875864591745
h_XY_1_1:19:REVERSE,DC,Helix,P,0.1546388141125661
h_XY_1_1:18:REVERSE,DG,Helix,P,0.1667700362236705
h_XY_1_1:17:REVERSE,DT,Helix,P,0.14857904153025497
h_XY_1_1:16:REVERSE,DG,Helix,P,0.16676553396723845
h_XY_1_1:15:REVERSE,DT,Helix,P,0.14857812540401363
h_XY_1_1:14:REVERSE,DG,Helix,P,0.16676612181607608
h_XY_0_1:14:FORWARD,DG,Helix,P,0.17466452019627396
h_XY_0_1:15:FORWARD,DT,Helix,P,0.14778215866586197
h_XY_0_1:16:FORWARD,DG,Helix,P,0.16753822054388223
h_XY_0_1:17:FORWARD,DT,Helix,P,0.14777886298815385
h_XY_0_1:18:FORWARD,DG,Helix,P,0.1675358063534883
h_XY_0_1:19:FORWARD,DC,Helix,P,0.15418522266735965
h_XY_0_1:20:FORWARD,DG,Helix,P,0.16753574544855018
h_XY_0_1:21:FORWARD,DG,Helix,P,0.16754312094997348
h_XY_0_1:22:FORWARD,DC,Helix,P,0.15418318556373556
h_XY_0_1:23:FORWARD,DG,Helix,P,0.1675441261905572
h_XY_0_1:24:FORWARD,DT,Helix,P,0.14777844341004656
h_XY_0_1:25:FORWARD,DG,Helix,P,0.16753909290311667
h_XY_0_1:26:FORWARD,DT,Helix,P,0.14777646893713692
h_XY_0_1:27:FORWARD,DA,Helix,P,0.1579612081568968
h_XY_1_1:5:FORWARD,DA,Helix,P,0.1579575587276876
h_XY_1_1:6:FORWARD,DA,Helix,P,0.15795649059787542
h_XY_1_1:7:FORWARD,DG,Helix,P,0.16754033394595044
h_XY_1_1:8:FORWARD,DC,Helix,P,0.1541926536603953
h_XY_1_1:9:FORWARD,DT,Helix,P,0.14778280448364767
h_XY_1_1:10:FORWARD,DA,Helix,P,0.15795676351256996
h_XY_1_1:11:FORWARD,DC,Helix,P,0.1541863342311782
h_XY_1_1:12:FORWARD,DC,Helix,P,0.15418780169171947
h_XY_1_1:13:FORWARD,DA,Helix,P,0.15795618575394038
h_XY_1_1:14:FORWARD,DC,Helix,P,0.15418764864245474
h_XY_1_1:15:FORWARD,DA,Helix,P,0.1579575334745093
h_XY_1_1:16:FORWARD,DC,Helix,P,0.15419144707381632
h_XY_1_1:17:FORWARD,DA,Helix,P,0.15795804731560656
h_XY_1_1:18:FORWARD,DC,Helix,P,0.15418928605591753
h_XY_1_1:19:FORWARD,DG,Helix,P,0.16753825990307886
h_XY_1_1:20:FORWARD,DC,Helix,P,0.1541867197113457
h_XY_1_1:21:FORWARD,DC,Helix,P,0.15419256039788104
h_XY_1_1:22:FORWARD,DG,Helix,P,0.16754235876896204
h_XY_1_1:23:FORWARD,DC,Helix,P,0.15418550484387755
h_XY_1_1:24:FORWARD,DA,Helix,P,0.1579572750685951
h_XY_1_1:25:FORWARD,DC,Helix,P,0.15418854904871246
h_XY_1_1:26:FORWARD,DA,Helix,P,0.15795778545389835
h_XY_1_1:27:FORWARD,DT,Helix,P,0.14778124354221203
h_XY_1_1:28:FORWARD,DA,Helix,P,0.1579599660149123
h_XY_1_1:29:FORWARD,DA,Helix,P,0.1579595557477433
h_XY_1_1:30:FORWARD,DA,Helix,P,0.15795894503957136
h_XY_0_1:30:REVERSE,DA,Helix,P,0.7045372061352186
h_XY_0_1:29:REVERSE,DA,Helix,P,0.15721676672499946
h_XY_0_1:28:REVERSE,DA,Helix,P,0.15721486370513638
h_XY_0_1:27:REVERSE,DT,Helix,P,0.14857936739938954
h_XY_0_1:26:REVERSE,DA,Helix,P,0.15721600017990114
h_XY_0_1:25:REVERSE,DC,Helix,P,0.15463819308575275
h_XY_0_1:24:REVERSE,DA,Helix,P,0.1572150368140859
h_XY_0_1:23:REVERSE,DC,Helix,P,0.15463488857994034
h_XY_0_1:22:REVERSE,DG,Helix,P,0.16677107187880943
h_XY_0_1:21:REVERSE,DC,Helix,P,0.1546294691855131
h_XY_0_1:20:REVERSE,DC,Helix,P,0.15463255771822848
h_XY_0_1:19:REVERSE,DG,Helix,P,0.1667695014237383
h_XY_0_1:18:REVERSE,DC,Helix,P,0.1546351041531825
h_XY_0_1:17:REVERSE,DA,Helix,P,0.15721569311875902
h_XY_0_1:16:REVERSE,DC,Helix,P,0.1546410340047893
h_XY_0_1:15:REVERSE,DA,Helix,P,0.15722010841508116
h_XY_0_1:14:REVERSE,DC,Helix,P,0.15463987673951562
h_XY_0_1:13:REVERSE,DC,Helix,P,0.1546323684884633
h_XY_0_1:12:REVERSE,DG,Helix,P,0.16676449498670004
h_XY_0_1:11:REVERSE,DT,Helix,P,0.1485806769701049
h_XY_0_1:10:REVERSE,DA,Helix,P,0.15721752935356845
h_XY_0_1:9:REVERSE,DT,Helix,P,0.14858224934963699
h_XY_0_1:8:REVERSE,DG,Helix,P,0.16677083412912608
h_XY_0_1:7:REVERSE,DC,Helix,P,0.15463424749917395
h_XY_0_1:6:REVERSE,DA,Helix,P,0.1572169125915267
h_XY_0_1:5:REVERSE,DA,Helix,P,0.15721600017990114
__xb__:4a12dd44-bce2-46be-8296-093ce52d2ec9:0,DT,CPD 1,P,0.579326349925874
__xb__:54c5689d-127b-4693-bc11-f51121719fad:0,DT,CPD 2,P,0.625034299395836
h_XY_0_1:7:FORWARD,DG,Helix,OP1,0.255823615886896
h_XY_0_1:7:FORWARD,DG,Helix,OP2,0.2612168089050659
h_XY_0_1:7:FORWARD,DG,Helix,O5',0.013541263083465253
h_XY_0_1:7:FORWARD,DG,Helix,O4',0.265752405287324
h_XY_0_1:7:FORWARD,DG,Helix,O3',0.38615730773890206
h_XY_0_1:8:FORWARD,DC,Helix,OP1,0.24614291321349865
h_XY_0_1:8:FORWARD,DC,Helix,OP2,0.24971580079573222
h_XY_0_1:8:FORWARD,DC,Helix,O5',0.009538307890500024
h_XY_0_1:8:FORWARD,DC,Helix,O4',0.2712628946158392
h_XY_0_1:8:FORWARD,DC,Helix,O3',0.39664677818293265
h_XY_0_1:9:FORWARD,DA,Helix,OP1,0.24852442097044716
h_XY_0_1:9:FORWARD,DA,Helix,OP2,0.25048970202503823
h_XY_0_1:9:FORWARD,DA,Helix,O5',0.0029936676543009504
h_XY_0_1:9:FORWARD,DA,Helix,O4',0.27725189460105754
h_XY_0_1:9:FORWARD,DA,Helix,O3',0.39684449882779166
h_XY_0_1:10:FORWARD,DT,Helix,OP1,0.243929860308559
h_XY_0_1:10:FORWARD,DT,Helix,OP2,0.2302249374771615
h_XY_0_1:10:FORWARD,DT,Helix,O5',0.020819269737841824
h_XY_0_1:10:FORWARD,DT,Helix,O4',0.2927178685201882
h_XY_0_1:10:FORWARD,DT,Helix,O3',0.41295713511805543
h_XY_0_1:11:FORWARD,DA,Helix,OP1,0.24853060729959647
h_XY_0_1:11:FORWARD,DA,Helix,OP2,0.2504981675552005
h_XY_0_1:11:FORWARD,DA,Helix,O5',0.0029962766396542996
h_XY_0_1:11:FORWARD,DA,Helix,O4',0.27724635180835117
h_XY_0_1:11:FORWARD,DA,Helix,O3',0.39684091402705707
h_XY_0_1:12:FORWARD,DC,Helix,OP1,0.24614039952281447
h_XY_0_1:12:FORWARD,DC,Helix,OP2,0.24972070693200987
h_XY_0_1:12:FORWARD,DC,Helix,O5',0.009538248715174408
h_XY_0_1:12:FORWARD,DC,Helix,O4',0.27126704283634206
h_XY_0_1:12:FORWARD,DC,Helix,O3',0.3966546537290598
h_XY_0_1:13:FORWARD,DG,Helix,OP1,0.25582330964545563
h_XY_0_1:13:FORWARD,DG,Helix,OP2,0.26122023922625676
h_XY_0_1:13:FORWARD,DG,Helix,O5',0.01353856610546662
h_XY_0_1:13:FORWARD,DG,Helix,O4',0.26575725415039136
h_XY_0_1:13:FORWARD,DG,Helix,O3',0.21945327763812325
h_XY_1_1:13:REVERSE,DT,Helix,OP1,0.1741613653694802
h_XY_1_1:13:REVERSE,DT,Helix,OP2,0.2891249024502837
h_XY_1_1:13:REVERSE,DT,Helix,O5',0.06111638238678816
h_XY_1_1:13:REVERSE,DT,Helix,O4',0.291878554012123
h_XY_1_1:13:REVERSE,DT,Helix,O3',0.4125967218853099
h_XY_1_1:12:REVERSE,DG,Helix,OP1,0.2558605288411956
h_XY_1_1:12:REVERSE,DG,Helix,OP2,0.2599076779058564
h_XY_1_1:12:REVERSE,DG,Helix,O5',0.012491127394646641
h_XY_1_1:12:REVERSE,DG,Helix,O4',0.26552147542453153
h_XY_1_1:12:REVERSE,DG,Helix,O3',0.38759781598090254
h_XY_1_1:11:REVERSE,DG,Helix,OP1,0.255856156033035
h_XY_1_1:11:REVERSE,DG,Helix,OP2,0.25991035882953656
h_XY_1_1:11:REVERSE,DG,Helix,O5',0.012487955868318752
h_XY_1_1:11:REVERSE,DG,Helix,O4',0.26552040460445375
h_XY_1_1:11:REVERSE,DG,Helix,O3',0.38760164684199466
h_XY_1_1:10:REVERSE,DT,Helix,OP1,0.2440752344050687
h_XY_1_1:10:REVERSE,DT,Helix,OP2,0.23147945512079673
h_XY_1_1:10:REVERSE,DT,Helix,O5',0.019796839622808794
h_XY_1_1:10:REVERSE,DT,Helix,O4',0.2918757343584254
h_XY_1_1:10:REVERSE,DT,Helix,O3',0.41259330777013253
h_XY_1_1:9:REVERSE,DA,Helix,OP1,0.24783751785216493
h_XY_1_1:9:REVERSE,DA,Helix,OP2,0.24971330410783774
h_XY_1_1:9:REVERSE,DA,Helix,O5',0.0025561537048371073
h_XY_1_1:9:REVERSE,DA,Helix,O4',0.2780020756739186
h_XY_1_1:9:REVERSE,DA,Helix,O3',0.39816733944469346
h_XY_1_1:8:REVERSE,DG,Helix,OP1,0.25585451285425026
h_XY_1_1:8:REVERSE,DG,Helix,OP2,0.2599061502646597
h_XY_1_1:8:REVERSE,DG,Helix,O5',0.012492192302074169
h_XY_1_1:8:REVERSE,DG,Helix,O4',0.2655267787562234
h_XY_1_1:8:REVERSE,DG,Helix,O3',0.38759348226765566
h_XY_1_1:7:REVERSE,DC,Helix,OP1,0.2462802707239336
h_XY_1_1:7:REVERSE,DC,Helix,OP2,0.25044586903828764
h_XY_1_1:7:REVERSE,DC,Helix,O5',0.009764466659968182
h_XY_1_1:7:REVERSE,DC,Helix,O4',0.2704514106611934
h_XY_1_1:7:REVERSE,DC,Helix,O3',0.3966841182250623
h_XY_1_1:27:REVERSE,DA,Helix,OP1,0.24783719892685935
h_XY_1_1:27:REVERSE,DA,Helix,OP2,0.2497105328846407
h_XY_1_1:27:REVERSE,DA,Helix,O5',0.0025516315667943133
h_XY_1_1:27:REVERSE,DA,Helix,O4',0.27799635748342594
h_XY_1_1:27:REVERSE,DA,Helix,O3',0.3981711687067729
h_XY_1_1:26:REVERSE,DT,Helix,OP1,0.2440742241252111
h_XY_1_1:26:REVERSE,DT,Helix,OP2,0.2314839268021848
h_XY_1_1:26:REVERSE,DT,Helix,O5',0.019801683207278004
h_XY_1_1:26:REVERSE,DT,Helix,O4',0.2918747964013847
h_XY_1_1:26:REVERSE,DT,Helix,O3',0.4125975771009372
h_XY_1_1:25:REVERSE,DG,Helix,OP1,0.2558523017707658
h_XY_1_1:25:REVERSE,DG,Helix,OP2,0.2599113589040469
h_XY_1_1:25:REVERSE,DG,Helix,O5',0.012488828685868161
h_XY_1_1:25:REVERSE,DG,Helix,O4',0.2655261393607866
h_XY_1_1:25:REVERSE,DG,Helix,O3',0.3875970103232166
h_XY_1_1:24:REVERSE,DT,Helix,OP1,0.2440763303672924
h_XY_1_1:24:REVERSE,DT,Helix,OP2,0.23148441669974135
h_XY_1_1:24:REVERSE,DT,Helix,O5',0.019798047830634498
h_XY_1_1:24:REVERSE,DT,Helix,O4',0.29187407742564225
h_XY_1_1:24:REVERSE,DT,Helix,O3',0.41259369639181037
h_XY_1_1:23:REVERSE,DG,Helix,OP1,0.2558533817010803
h_XY_1_1:23:REVERSE,DG,Helix,OP2,0.2599091886427095
h_XY_1_1:23:REVERSE,DG,Helix,O5',0.012488601491344625
h_XY_1_1:23:REVERSE,DG,Helix,O4',0.265523172419725
h_XY_1_1:23:REVERSE,DG,Helix,O3',0.38759888624437433
h_XY_1_1:22:REVERSE,DC,Helix,OP1,0.24627879329992705
h_XY_1_1:22:REVERSE,DC,Helix,OP2,0.2504425833714245
h_XY_1_1:22:REVERSE,DC,Helix,O5',0.009765722710528764
h_XY_1_1:22:REVERSE,DC,Helix,O4',0.2704533994013939
h_XY_1_1:22:REVERSE,DC,Helix,O3',0.39668151553813136
h_XY_1_1:21:REVERSE,DG,Helix,OP1,0.25585441355449
h_XY_1_1:21:REVERSE,DG,Helix,OP2,0.259911820258037
h_XY_1_1:21:REVERSE,DG,Helix,O5',0.012487261911249234
h_XY_1_1:21:REVERSE,DG,Helix,O4',0.2655286882784021
h_XY_1_1:21:REVERSE,DG,Helix,O3',0.38760153325008695
h_XY_1_1:20:REVERSE,DG,Helix,OP1,0.2558587682059934
h_XY_1_1:20:REVERSE,DG,Helix,OP2,0.2599082691734682
h_XY_1_1:20:REVERSE,DG,Helix,O5',0.012493316205091698
h_XY_1_1:20:REVERSE,DG,Helix,O4',0.2655258110999185
h_XY_1_1:20:REVERSE,DG,Helix,O3',0.3875986777606546
h_XY_1_1:19:REVERSE,DC,Helix,OP1,0.2462851606967857
h_XY_1_1:19:REVERSE,DC,Helix,OP2,0.2504400958808363
h_XY_1_1:19:REVERSE,DC,Helix,O5',0.009766353223445764
h_XY_1_1:19:REVERSE,DC,Helix,O4',0.27045590005306713
h_XY_1_1:19:REVERSE,DC,Helix,O3',0.3966822521573037
h_XY_1_1:18:REVERSE,DG,Helix,OP1,0.2558568345766785
h_XY_1_1:18:REVERSE,DG,Helix,OP2,0.25990510731131056
h_XY_1_1:18:REVERSE,DG,Helix,O5',0.012488753503283583
h_XY_1_1:18:REVERSE,DG,Helix,O4',0.26552420511691954
h_XY_1_1:18:REVERSE,DG,Helix,O3',0.3876000470407022
h_XY_1_1:17:REVERSE,DT,Helix,OP1,0.24407338255796598
h_XY_1_1:17:REVERSE,DT,Helix,OP2,0.23148359898468063
h_XY_1_1:17:REVERSE,DT,Helix,O5',0.019797785526639442
h_XY_1_1:17:REVERSE,DT,Helix,O4',0.29187272824830623
h_XY_1_1:17:REVERSE,DT,Helix,O3',0.4125994692693761
h_XY_1_1:16:REVERSE,DG,Helix,OP1,0.25585550379879834
h_XY_1_1:16:REVERSE,DG,Helix,OP2,0.25990580312675043
h_XY_1_1:16:REVERSE,DG,Helix,O5',0.012491972431159374
h_XY_1_1:16:REVERSE,DG,Helix,O4',0.2655246163205873
h_XY_1_1:16:REVERSE,DG,Helix,O3',0.3876018409850813
h_XY_1_1:15:REVERSE,DT,Helix,OP1,0.2440746430049467
h_XY_1_1:15:REVERSE,DT,Helix,OP2,0.23148008477988138
h_XY_1_1:15:REVERSE,DT,Helix,O5',0.019796267747377642
h_XY_1_1:15:REVERSE,DT,Helix,O4',0.2918716839292278
h_XY_1_1:15:REVERSE,DT,Helix,O3',0.4125927222428171
h_XY_1_1:14:REVERSE,DG,Helix,OP1,0.25585214844039283
h_XY_1_1:14:REVERSE,DG,Helix,OP2,0.2599100102499731
h_XY_1_1:14:REVERSE,DG,Helix,O5',0.012490169468361581
h_XY_1_1:14:REVERSE,DG,Helix,O4',0.2655240829265632
h_XY_1_1:14:REVERSE,DG,Helix,O3',0.23410091419921894
h_XY_0_1:14:FORWARD,DG,Helix,OP1,0.21536509819917948
h_XY_0_1:14:FORWARD,DG,Helix,OP2,0.3012563942907626
h_XY_0_1:14:FORWARD,DG,Helix,O5',0.05868154122061114
h_XY_0_1:14:FORWARD,DG,Helix,O4',0.2657511732870267
h_XY_0_1:14:FORWARD,DG,Helix,O3',0.38615741862807135
h_XY_0_1:15:FORWARD,DT,Helix,OP1,0.24392699174155086
h_XY_0_1:15:FORWARD,DT,Helix,OP2,0.23022852579819778
h_XY_0_1:15:FORWARD,DT,Helix,O5',0.020819163410693356
h_XY_0_1:15:FORWARD,DT,Helix,O4',0.2927208854414194
h_XY_0_1:15:FORWARD,DT,Helix,O3',0.41296600144104506
h_XY_0_1:16:FORWARD,DG,Helix,OP1,0.2558252011793621
h_XY_0_1:16:FORWARD,DG,Helix,OP2,0.2612143799600332
h_XY_0_1:16:FORWARD,DG,Helix,O5',0.01354328636716515
h_XY_0_1:16:FORWARD,DG,Helix,O4',0.2657578736504382
h_XY_0_1:16:FORWARD,DG,Helix,O3',0.386156066831015
h_XY_0_1:17:FORWARD,DT,Helix,OP1,0.24392769180080723
h_XY_0_1:17:FORWARD,DT,Helix,OP2,0.2302255519366756
h_XY_0_1:17:FORWARD,DT,Helix,O5',0.020816528839939518
h_XY_0_1:17:FORWARD,DT,Helix,O4',0.2927136388590566
h_XY_0_1:17:FORWARD,DT,Helix,O3',0.41296418862909207
h_XY_0_1:18:FORWARD,DG,Helix,OP1,0.2558287425612198
h_XY_0_1:18:FORWARD,DG,Helix,OP2,0.26122085530912786
h_XY_0_1:18:FORWARD,DG,Helix,O5',0.013535615885014363
h_XY_0_1:18:FORWARD,DG,Helix,O4',0.2657550502103037
h_XY_0_1:18:FORWARD,DG,Helix,O3',0.386163159642887
h_XY_0_1:19:FORWARD,DC,Helix,OP1,0.246145768108012
h_XY_0_1:19:FORWARD,DC,Helix,OP2,0.2497160021278793
h_XY_0_1:19:FORWARD,DC,Helix,O5',0.009536856903947634
h_XY_0_1:19:FORWARD,DC,Helix,O4',0.27126808258027996
h_XY_0_1:19:FORWARD,DC,Helix,O3',0.39664668223370936
h_XY_0_1:20:FORWARD,DG,Helix,OP1,0.25582827767612376
h_XY_0_1:20:FORWARD,DG,Helix,OP2,0.26121716231435976
h_XY_0_1:20:FORWARD,DG,Helix,O5',0.013541742479857856
h_XY_0_1:20:FORWARD,DG,Helix,O4',0.265750903028148
h_XY_0_1:20:FORWARD,DG,Helix,O3',0.3861622767127577
h_XY_0_1:21:FORWARD,DG,Helix,OP1,0.25582869906399264
h_XY_0_1:21:FORWARD,DG,Helix,OP2,0.26121307283858103
h_XY_0_1:21:FORWARD,DG,Helix,O5',0.01354012660414795
h_XY_0_1:21:FORWARD,DG,Helix,O4',0.2657529455051144
h_XY_0_1:21:FORWARD,DG,Helix,O3',0.38616331703017337
h_XY_0_1:22:FORWARD,DC,Helix,OP1,0.24614569617114762
h_XY_0_1:22:FORWARD,DC,Helix,OP2,0.24971721994322987
h_XY_0_1:22:FORWARD,DC,Helix,O5',0.009537968649952946
h_XY_0_1:22:FORWARD,DC,Helix,O4',0.2712675423001434
h_XY_0_1:22:FORWARD,DC,Helix,O3',0.39664997042691763
h_XY_0_1:23:FORWARD,DG,Helix,OP1,0.2558231923362352
h_XY_0_1:23:FORWARD,DG,Helix,OP2,0.2612162156605418
h_XY_0_1:23:FORWARD,DG,Helix,O5',0.013535538318552271
h_XY_0_1:23:FORWARD,DG,Helix,O4',0.26575492464782063
h_XY_0_1:23:FORWARD,DG,Helix,O3',0.3861579535360399
h_XY_0_1:24:FORWARD,DT,Helix,OP1,0.24392955135655567
h_XY_0_1:24:FORWARD,DT,Helix,OP2,0.23022546854131057
h_XY_0_1:24:FORWARD,DT,Helix,O5',0.020820162549265383
h_XY_0_1:24:FORWARD,DT,Helix,O4',0.2927134241205387
h_XY_0_1:24:FORWARD,DT,Helix,O3',0.4129638525582783
h_XY_0_1:25:FORWARD,DG,Helix,OP1,0.2558244846339576
h_XY_0_1:25:FORWARD,DG,Helix,OP2,0.2612240318808796
h_XY_0_1:25:FORWARD,DG,Helix,O5',0.013536440624015097
h_XY_0_1:25:FORWARD,DG,Helix,O4',0.2657581686105918
h_XY_0_1:25:FORWARD,DG,Helix,O3',0.3861602500101491
h_XY_0_1:26:FORWARD,DT,Helix,OP1,0.2439309308725882
h_XY_0_1:26:FORWARD,DT,Helix,OP2,0.23023199690810728
h_XY_0_1:26:FORWARD,DT,Helix,O5',0.020822941529679527
h_XY_0_1:26:FORWARD,DT,Helix,O4',0.2927156981076928
h_XY_0_1:26:FORWARD,DT,Helix,O3',0.41296558131619365
h_XY_0_1:27:FORWARD,DA,Helix,OP1,0.248527744924411
h_XY_0_1:27:FORWARD,DA,Helix,OP2,0.25049510683152876
h_XY_0_1:27:FORWARD,DA,Helix,O5',0.00299813974911366
h_XY_0_1:27:FORWARD,DA,Helix,O4',0.27724360074784743
h_XY_0_1:27:FORWARD,DA,Helix,O3',0.3968427338551649
h_XY_1_1:5:FORWARD,DA,Helix,OP1,0.24853007559716378
h_XY_1_1:5:FORWARD,DA,Helix,OP2,0.25049366996446953
h_XY_1_1:5:FORWARD,DA,Helix,O5',0.0029938886959838614
h_XY_1_1:5:FORWARD,DA,Helix,O4',0.27725046845800555
h_XY_1_1:5:FORWARD,DA,Helix,O3',0.3968411103661086
h_XY_1_1:6:FORWARD,DA,Helix,OP1,0.24852541722851373
h_XY_1_1:6:FORWARD,DA,Helix,OP2,0.250490171774165
h_XY_1_1:6:FORWARD,DA,Helix,O5',0.0029927127365247494
h_XY_1_1:6:FORWARD,DA,Helix,O4',0.2772442181752516
h_XY_1_1:6:FORWARD,DA,Helix,O3',0.3968455853880093
h_XY_1_1:7:FORWARD,DG,Helix,OP1,0.2558252506024228
h_XY_1_1:7:FORWARD,DG,Helix,OP2,0.2612205458929071
h_XY_1_1:7:FORWARD,DG,Helix,O5',0.013537025954377242
h_XY_1_1:7:FORWARD,DG,Helix,O4',0.2657567948467456
h_XY_1_1:7:FORWARD,DG,Helix,O3',0.38615635896578576
h_XY_1_1:8:FORWARD,DC,Helix,OP1,0.24614439525578494
h_XY_1_1:8:FORWARD,DC,Helix,OP2,0.2497220127994166
h_XY_1_1:8:FORWARD,DC,Helix,O5',0.009537316179942057
h_XY_1_1:8:FORWARD,DC,Helix,O4',0.2712680743515713
h_XY_1_1:8:FORWARD,DC,Helix,O3',0.3966533732693603
h_XY_1_1:9:FORWARD,DT,Helix,OP1,0.2439278339952708
h_XY_1_1:9:FORWARD,DT,Helix,OP2,0.23023148687838457
h_XY_1_1:9:FORWARD,DT,Helix,O5',0.020816302598499307
h_XY_1_1:9:FORWARD,DT,Helix,O4',0.29271178511672
h_XY_1_1:9:FORWARD,DT,Helix,O3',0.41296410162339037
h_XY_1_1:10:FORWARD,DA,Helix,OP1,0.2485245997500748
h_XY_1_1:10:FORWARD,DA,Helix,OP2,0.2504954694793651
h_XY_1_1:10:FORWARD,DA,Helix,O5',0.0029908919050839946
h_XY_1_1:10:FORWARD,DA,Helix,O4',0.2772415200593255
h_XY_1_1:10:FORWARD,DA,Helix,O3',0.3968412604687084
h_XY_1_1:11:FORWARD,DC,Helix,OP1,0.24614152561493813
h_XY_1_1:11:FORWARD,DC,Helix,OP2,0.2497185185639471
h_XY_1_1:11:FORWARD,DC,Helix,O5',0.00953962197662494
h_XY_1_1:11:FORWARD,DC,Helix,O4',0.27126955431166405
h_XY_1_1:11:FORWARD,DC,Helix,O3',0.39664699983195695
h_XY_1_1:12:FORWARD,DC,Helix,OP1,0.24613969412043274
h_XY_1_1:12:FORWARD,DC,Helix,OP2,0.24972308252453412
h_XY_1_1:12:FORWARD,DC,Helix,O5',0.009537846400106033
h_XY_1_1:12:FORWARD,DC,Helix,O4',0.2712682156397708
h_XY_1_1:12:FORWARD,DC,Helix,O3',0.39665201887417617
h_XY_1_1:13:FORWARD,DA,Helix,OP1,0.2485314515495238
h_XY_1_1:13:FORWARD,DA,Helix,OP2,0.25049611449304143
h_XY_1_1:13:FORWARD,DA,Helix,O5',0.0030000907358850052
h_XY_1_1:13:FORWARD,DA,Helix,O4',0.2772530005372297
h_XY_1_1:13:FORWARD,DA,Helix,O3',0.3968393671012979
h_XY_1_1:14:FORWARD,DC,Helix,OP1,0.2461462949038551
h_XY_1_1:14:FORWARD,DC,Helix,OP2,0.24971952603295527
h_XY_1_1:14:FORWARD,DC,Helix,O5',0.009536670583955426
h_XY_1_1:14:FORWARD,DC,Helix,O4',0.2712683160277092
h_XY_1_1:14:FORWARD,DC,Helix,O3',0.3966480610777687
h_XY_1_1:15:FORWARD,DA,Helix,OP1,0.2485248118986523
h_XY_1_1:15:FORWARD,DA,Helix,OP2,0.25049298059169267
h_XY_1_1:15:FORWARD,DA,Helix,O5',0.0029953757657730914
h_XY_1_1:15:FORWARD,DA,Helix,O4',0.2772479860654377
h_XY_1_1:15:FORWARD,DA,Helix,O3',0.3968426543167983
h_XY_1_1:16:FORWARD,DC,Helix,OP1,0.24614079059830923
h_XY_1_1:16:FORWARD,DC,Helix,OP2,0.2497224141455194
h_XY_1_1:16:FORWARD,DC,Helix,O5',0.00953803726073685
h_XY_1_1:16:FORWARD,DC,Helix,O4',0.27126654906496744
h_XY_1_1:16:FORWARD,DC,Helix,O3',0.3966464465331945
h_XY_1_1:17:FORWARD,DA,Helix,OP1,0.24852960522177336
h_XY_1_1:17:FORWARD,DA,Helix,OP2,0.25049455173466834
h_XY_1_1:17:FORWARD,DA,Helix,O5',0.0029952712359430336
h_XY_1_1:17:FORWARD,DA,Helix,O4',0.2772497073698459
h_XY_1_1:17:FORWARD,DA,Helix,O3',0.3968407792360054
h_XY_1_1:18:FORWARD,DC,Helix,OP1,0.2461434572517124
h_XY_1_1:18:FORWARD,DC,Helix,OP2,0.24971425506544853
h_XY_1_1:18:FORWARD,DC,Helix,O5',0.009536807436279441
h_XY_1_1:18:FORWARD,DC,Helix,O4',0.2712637211522313
h_XY_1_1:18:FORWARD,DC,Helix,O3',0.39664955201168567
h_XY_1_1:19:FORWARD,DG,Helix,OP1,0.25582378240240866
h_XY_1_1:19:FORWARD,DG,Helix,OP2,0.26121544447023937
h_XY_1_1:19:FORWARD,DG,Helix,O5',0.01353978709574991
h_XY_1_1:19:FORWARD,DG,Helix,O4',0.2657540851359837
h_XY_1_1:19:FORWARD,DG,Helix,O3',0.3861560669102793
h_XY_1_1:20:FORWARD,DC,Helix,OP1,0.24614399327534808
h_XY_1_1:20:FORWARD,DC,Helix,OP2,0.24972375985107217
h_XY_1_1:20:FORWARD,DC,Helix,O5',0.009539258505985757
h_XY_1_1:20:FORWARD,DC,Helix,O4',0.2712625796706728
h_XY_1_1:20:FORWARD,DC,Helix,O3',0.3966514629622926
h_XY_1_1:21:FORWARD,DC,Helix,OP1,0.24613937078771328
h_XY_1_1:21:FORWARD,DC,Helix,OP2,0.24972051200997294
h_XY_1_1:21:FORWARD,DC,Helix,O5',0.00953641673363874
h_XY_1_1:21:FORWARD,DC,Helix,O4',0.27126422903230696
h_XY_1_1:21:FORWARD,DC,Helix,O3',0.39665009361232156
h_XY_1_1:22:FORWARD,DG,Helix,OP1,0.25582749531626686
h_XY_1_1:22:FORWARD,DG,Helix,OP2,0.2612191967971648
h_XY_1_1:22:FORWARD,DG,Helix,O5',0.01353580585518695
h_XY_1_1:22:FORWARD,DG,Helix,O4',0.2657542516947486
h_XY_1_1:22:FORWARD,DG,Helix,O3',0.38615813855254494
h_XY_1_1:23:FORWARD,DC,Helix,OP1,0.24614113185560685
h_XY_1_1:23:FORWARD,DC,Helix,OP2,0.24971594156724009
h_XY_1_1:23:FORWARD,DC,Helix,O5',0.009538911075352286
h_XY_1_1:23:FORWARD,DC,Helix,O4',0.27126716609884083
h_XY_1_1:23:FORWARD,DC,Helix,O3',0.3966493320163104
h_XY_1_1:24:FORWARD,DA,Helix,OP1,0.24852663193451663
h_XY_1_1:24:FORWARD,DA,Helix,OP2,0.25049292887200225
h_XY_1_1:24:FORWARD,DA,Helix,O5',0.002992223213048443
h_XY_1_1:24:FORWARD,DA,Helix,O4',0.27725135194186684
h_XY_1_1:24:FORWARD,DA,Helix,O3',0.39683804357609503
h_XY_1_1:25:FORWARD,DC,Helix,OP1,0.2461399086421584
h_XY_1_1:25:FORWARD,DC,Helix,OP2,0.24971741354353635
h_XY_1_1:25:FORWARD,DC,Helix,O5',0.009538520141542113
h_XY_1_1:25:FORWARD,DC,Helix,O4',0.27126583937874593
h_XY_1_1:25:FORWARD,DC,Helix,O3',0.39664764509017575
h_XY_1_1:26:FORWARD,DA,Helix,OP1,0.24853040264777987
h_XY_1_1:26:FORWARD,DA,Helix,OP2,0.25049366996446953
h_XY_1_1:26:FORWARD,DA,Helix,O5',0.0029936833216390357
h_XY_1_1:26:FORWARD,DA,Helix,O4',0.2772504382999558
h_XY_1_1:26:FORWARD,DA,Helix,O3',0.39684114907806184
h_XY_1_1:27:FORWARD,DT,Helix,OP1,0.24392716061327693
h_XY_1_1:27:FORWARD,DT,Helix,OP2,0.23023026256673274
h_XY_1_1:27:FORWARD,DT,Helix,O5',0.0208215450162559
h_XY_1_1:27:FORWARD,DT,Helix,O4',0.2927103971570208
h_XY_1_1:27:FORWARD,DT,Helix,O3',0.41296210817179585
h_XY_1_1:28:FORWARD,DA,Helix,OP1,0.2485323451312836
h_XY_1_1:28:FORWARD,DA,Helix,OP2,0.2504941645418223
h_XY_1_1:28:FORWARD,DA,Helix,O5',0.0029982574596185314
h_XY_1_1:28:FORWARD,DA,Helix,O4',0.2772439536858954
h_XY_1_1:28:FORWARD,DA,Helix,O3',0.3968409378748203
h_XY_1_1:29:FORWARD,DA,Helix,OP1,0.24852525481757648
h_XY_1_1:29:FORWARD,DA,Helix,OP2,0.2504899924851643
h_XY_1_1:29:FORWARD,DA,Helix,O5',0.00299352797615614
h_XY_1_1:29:FORWARD,DA,Helix,O4',0.27724690776763133
h_XY_1_1:29:FORWARD,DA,Helix,O3',0.39683709118843535
h_XY_1_1:30:FORWARD,DA,Helix,OP1,0.24853139360981696
h_XY_1_1:30:FORWARD,DA,Helix,OP2,0.2504963723776869
h_XY_1_1:30:FORWARD,DA,Helix,O5',0.0029994192844841156
h_XY_1_1:30:FORWARD,DA,Helix,O4',0.27725006000052616
h_XY_1_1:30:FORWARD,DA,Helix,O3',0.13427690848849272
h_XY_0_1:30:REVERSE,DA,Helix,OP1,0.8236044523014197
h_XY_0_1:30:REVERSE,DA,Helix,OP2,0.624044475209036
h_XY_0_1:30:REVERSE,DA,Helix,O5',0.4010923002900235
h_XY_0_1:30:REVERSE,DA,Helix,O4',0.2780002349833717
h_XY_0_1:30:REVERSE,DA,Helix,O3',0.39817185708635405
h_XY_0_1:29:REVERSE,DA,Helix,OP1,0.24784257203722565
h_XY_0_1:29:REVERSE,DA,Helix,OP2,0.24970915105627167
h_XY_0_1:29:REVERSE,DA,Helix,O5',0.0025515452965569952
h_XY_0_1:29:REVERSE,DA,Helix,O4',0.2779960646446328
h_XY_0_1:29:REVERSE,DA,Helix,O3',0.3981710267391838
h_XY_0_1:28:REVERSE,DA,Helix,OP1,0.24783322386573733
h_XY_0_1:28:REVERSE,DA,Helix,OP2,0.24971272581242174
h_XY_0_1:28:REVERSE,DA,Helix,O5',0.002560729929075637
h_XY_0_1:28:REVERSE,DA,Helix,O4',0.2779983802704166
h_XY_0_1:28:REVERSE,DA,Helix,O3',0.39817143906269625
h_XY_0_1:27:REVERSE,DT,Helix,OP1,0.24407605079382289
h_XY_0_1:27:REVERSE,DT,Helix,OP2,0.2314811236338996
h_XY_0_1:27:REVERSE,DT,Helix,O5',0.01979879104194457
h_XY_0_1:27:REVERSE,DT,Helix,O4',0.29187723418220657
h_XY_0_1:27:REVERSE,DT,Helix,O3',0.4125979696476812
h_XY_0_1:26:REVERSE,DA,Helix,OP1,0.24783681855945897
h_XY_0_1:26:REVERSE,DA,Helix,OP2,0.24971412951340155
h_XY_0_1:26:REVERSE,DA,Helix,O5',0.00256032855818322
h_XY_0_1:26:REVERSE,DA,Helix,O4',0.2779949336102154
h_XY_0_1:26:REVERSE,DA,Helix,O3',0.39816828034243723
h_XY_0_1:25:REVERSE,DC,Helix,OP1,0.24628344378425024
h_XY_0_1:25:REVERSE,DC,Helix,OP2,0.2504464955236524
h_XY_0_1:25:REVERSE,DC,Helix,O5',0.009765756181906214
h_XY_0_1:25:REVERSE,DC,Helix,O4',0.27045772217149533
h_XY_0_1:25:REVERSE,DC,Helix,O3',0.39668531634836773
h_XY_0_1:24:REVERSE,DA,Helix,OP1,0.24784307239985653
h_XY_0_1:24:REVERSE,DA,Helix,OP2,0.24970816839882773
h_XY_0_1:24:REVERSE,DA,Helix,O5',0.0025517944950308245
h_XY_0_1:24:REVERSE,DA,Helix,O4',0.2779992117962917
h_XY_0_1:24:REVERSE,DA,Helix,O3',0.39817127059896296
h_XY_0_1:23:REVERSE,DC,Helix,OP1,0.2462824556509209
h_XY_0_1:23:REVERSE,DC,Helix,OP2,0.2504418649987011
h_XY_0_1:23:REVERSE,DC,Helix,O5',0.009765811205441526
h_XY_0_1:23:REVERSE,DC,Helix,O4',0.27044928363071696
h_XY_0_1:23:REVERSE,DC,Helix,O3',0.3966842901317049
h_XY_0_1:22:REVERSE,DG,Helix,OP1,0.2558533823873205
h_XY_0_1:22:REVERSE,DG,Helix,OP2,0.2599103282482452
h_XY_0_1:22:REVERSE,DG,Helix,O5',0.012488736833721242
h_XY_0_1:22:REVERSE,DG,Helix,O4',0.2655196506194351
h_XY_0_1:22:REVERSE,DG,Helix,O3',0.38760064374583897
h_XY_0_1:21:REVERSE,DC,Helix,OP1,0.24627858260528432
h_XY_0_1:21:REVERSE,DC,Helix,OP2,0.25044557169610887
h_XY_0_1:21:REVERSE,DC,Helix,O5',0.009767332344107439
h_XY_0_1:21:REVERSE,DC,Helix,O4',0.27045431825492444
h_XY_0_1:21:REVERSE,DC,Helix,O3',0.39668455966505956
h_XY_0_1:20:REVERSE,DC,Helix,OP1,0.24628142300586803
h_XY_0_1:20:REVERSE,DC,Helix,OP2,0.2504398860059563
h_XY_0_1:20:REVERSE,DC,Helix,O5',0.009765743929168598
h_XY_0_1:20:REVERSE,DC,Helix,O4',0.2704538408032865
h_XY_0_1:20:REVERSE,DC,Helix,O3',0.39668480738956013
h_XY_0_1:19:REVERSE,DG,Helix,OP1,0.2558524539370843
h_XY_0_1:19:REVERSE,DG,Helix,OP2,0.2599112729734266
h_XY_0_1:19:REVERSE,DG,Helix,O5',0.012491451755489068
h_XY_0_1:19:REVERSE,DG,Helix,O4',0.26552557939998506
h_XY_0_1:19:REVERSE,DG,Helix,O3',0.38759843628439167
h_XY_0_1:18:REVERSE,DC,Helix,OP1,0.24628468374567836
h_XY_0_1:18:REVERSE,DC,Helix,OP2,0.25044314177613486
h_XY_0_1:18:REVERSE,DC,Helix,O5',0.009764461435209489
h_XY_0_1:18:REVERSE,DC,Helix,O4',0.2704511083994027
h_XY_0_1:18:REVERSE,DC,Helix,O3',0.39668121694885417
h_XY_0_1:17:REVERSE,DA,Helix,OP1,0.24784226449230778
h_XY_0_1:17:REVERSE,DA,Helix,OP2,0.24971046470351918
h_XY_0_1:17:REVERSE,DA,Helix,O5',0.0025548370922181037
h_XY_0_1:17:REVERSE,DA,Helix,O4',0.27800191228550725
h_XY_0_1:17:REVERSE,DA,Helix,O3',0.3981723964233353
h_XY_0_1:16:REVERSE,DC,Helix,OP1,0.24627920706497647
h_XY_0_1:16:REVERSE,DC,Helix,OP2,0.2504416943198597
h_XY_0_1:16:REVERSE,DC,Helix,O5',0.009766518531300042
h_XY_0_1:16:REVERSE,DC,Helix,O4',0.2704572716004029
h_XY_0_1:16:REVERSE,DC,Helix,O3',0.3966884651595798
h_XY_0_1:15:REVERSE,DA,Helix,OP1,0.2478345922715412
h_XY_0_1:15:REVERSE,DA,Helix,OP2,0.24971471199259945
h_XY_0_1:15:REVERSE,DA,Helix,O5',0.00255698061769659
h_XY_0_1:15:REVERSE,DA,Helix,O4',0.277999936207502
h_XY_0_1:15:REVERSE,DA,Helix,O3',0.39817268034945125
h_XY_0_1:14:REVERSE,DC,Helix,OP1,0.2462800238688616
h_XY_0_1:14:REVERSE,DC,Helix,OP2,0.25043994549940407
h_XY_0_1:14:REVERSE,DC,Helix,O5',0.009764805438533333
h_XY_0_1:14:REVERSE,DC,Helix,O4',0.2704511124200955
h_XY_0_1:14:REVERSE,DC,Helix,O3',0.39668371671237573
h_XY_0_1:13:REVERSE,DC,Helix,OP1,0.24628120952042942
h_XY_0_1:13:REVERSE,DC,Helix,OP2,0.2504384166430651
h_XY_0_1:13:REVERSE,DC,Helix,O5',0.009766392010834658
h_XY_0_1:13:REVERSE,DC,Helix,O4',0.27045612296485616
h_XY_0_1:13:REVERSE,DC,Helix,O3',0.39668349493424754
h_XY_0_1:12:REVERSE,DG,Helix,OP1,0.2558541760393567
h_XY_0_1:12:REVERSE,DG,Helix,OP2,0.2599092145186991
h_XY_0_1:12:REVERSE,DG,Helix,O5',0.012488554677945799
h_XY_0_1:12:REVERSE,DG,Helix,O4',0.26552572530495794
h_XY_0_1:12:REVERSE,DG,Helix,O3',0.38760239346319736
h_XY_0_1:11:REVERSE,DT,Helix,OP1,0.24407720106689582
h_XY_0_1:11:REVERSE,DT,Helix,OP2,0.23148372695309677
h_XY_0_1:11:REVERSE,DT,Helix,O5',0.019800319045683523
h_XY_0_1:11:REVERSE,DT,Helix,O4',0.2918745233900376
h_XY_0_1:11:REVERSE,DT,Helix,O3',0.4125948697731823
h_XY_0_1:10:REVERSE,DA,Helix,OP1,0.24783991685395865
h_XY_0_1:10:REVERSE,DA,Helix,OP2,0.2497056593357302
h_XY_0_1:10:REVERSE,DA,Helix,O5',0.0025534731806178307
h_XY_0_1:10:REVERSE,DA,Helix,O4',0.2779987980984005
h_XY_0_1:10:REVERSE,DA,Helix,O3',0.39817175819275236
h_XY_0_1:9:REVERSE,DT,Helix,OP1,0.24407415931616283
h_XY_0_1:9:REVERSE,DT,Helix,OP2,0.2314812831391711
h_XY_0_1:9:REVERSE,DT,Helix,O5',0.019800717012410946
h_XY_0_1:9:REVERSE,DT,Helix,O4',0.29187306972278976
h_XY_0_1:9:REVERSE,DT,Helix,O3',0.41259513223176786
h_XY_0_1:8:REVERSE,DG,Helix,OP1,0.2558550273781044
h_XY_0_1:8:REVERSE,DG,Helix,OP2,0.25991453157408156
h_XY_0_1:8:REVERSE,DG,Helix,O5',0.012493792729877695
h_XY_0_1:8:REVERSE,DG,Helix,O4',0.265521888733426
h_XY_0_1:8:REVERSE,DG,Helix,O3',0.3875965407189944
h_XY_0_1:7:REVERSE,DC,Helix,OP1,0.24627791371576754
h_XY_0_1:7:REVERSE,DC,Helix,OP2,0.2504440903998618
h_XY_0_1:7:REVERSE,DC,Helix,O5',0.009765228336566397
h_XY_0_1:7:REVERSE,DC,Helix,O4',0.2704546409147474
h_XY_0_1:7:REVERSE,DC,Helix,O3',0.3966860326089757
h_XY_0_1:6:REVERSE,DA,Helix,OP1,0.2478368892997257
h_XY_0_1:6:REVERSE,DA,Helix,OP2,0.24970951460657176
h_XY_0_1:6:REVERSE,DA,Helix,O5',0.0025536148108962495
h_XY_0_1:6:REVERSE,DA,Helix,O4',0.2779976619383163
h_XY_0_1:6:REVERSE,DA,Helix,O3',0.3981662403755491
h_XY_0_1:5:REVERSE,DA,Helix,OP1,0.2478370918862509
h_XY_0_1:5:REVERSE,DA,Helix,OP2,0.2497140766477964
h_XY_0_1:5:REVERSE,DA,Helix,O5',0.002560291306384046
h_XY_0_1:5:REVERSE,DA,Helix,O4',0.2779950236103341
h_XY_0_1:5:REVERSE,DA,Helix,O3',0.39816820326627833
__xb__:4a12dd44-bce2-46be-8296-093ce52d2ec9:0,DT,CPD 1,OP1,0.6370372181637054
__xb__:4a12dd44-bce2-46be-8296-093ce52d2ec9:0,DT,CPD 1,OP2,0.5836196467077595
__xb__:4a12dd44-bce2-46be-8296-093ce52d2ec9:0,DT,CPD 1,O5',0.4429780502290038
__xb__:4a12dd44-bce2-46be-8296-093ce52d2ec9:0,DT,CPD 1,O4',0.48806336319127436
__xb__:4a12dd44-bce2-46be-8296-093ce52d2ec9:0,DT,CPD 1,O3',0.6078043268953343
__xb__:54c5689d-127b-4693-bc11-f51121719fad:0,DT,CPD 2,OP1,0.6596700354266204
__xb__:54c5689d-127b-4693-bc11-f51121719fad:0,DT,CPD 2,OP2,0.746398241986533
__xb__:54c5689d-127b-4693-bc11-f51121719fad:0,DT,CPD 2,O5',0.598164204019051
__xb__:54c5689d-127b-4693-bc11-f51121719fad:0,DT,CPD 2,O4',0.4849854936048189
__xb__:54c5689d-127b-4693-bc11-f51121719fad:0,DT,CPD 2,O3',0.5997059150394478
h_XY_0_1:7:FORWARD,DG,Helix,C5',0.13454757152784258
h_XY_0_1:7:FORWARD,DG,Helix,C4',0.20995504849383873
h_XY_0_1:7:FORWARD,DG,Helix,C3',0.25041488673161727
h_XY_0_1:7:FORWARD,DG,Helix,C2',0.2879508020038123
h_XY_0_1:7:FORWARD,DG,Helix,C1',0.3318315323477532
h_XY_0_1:8:FORWARD,DC,Helix,C5',0.13927889985338324
h_XY_0_1:8:FORWARD,DC,Helix,C4',0.22165759221205764
h_XY_0_1:8:FORWARD,DC,Helix,C3',0.2665658689688256
h_XY_0_1:8:FORWARD,DC,Helix,C2',0.3146738006935486
h_XY_0_1:8:FORWARD,DC,Helix,C1',0.3481784692879841
h_XY_0_1:9:FORWARD,DA,Helix,C5',0.1422023424947753
h_XY_0_1:9:FORWARD,DA,Helix,C4',0.22260343407286076
h_XY_0_1:9:FORWARD,DA,Helix,C3',0.26109121586174167
h_XY_0_1:9:FORWARD,DA,Helix,C2',0.2937275683429162
h_XY_0_1:9:FORWARD,DA,Helix,C1',0.3381713283651848
h_XY_0_1:10:FORWARD,DT,Helix,C5',0.16445627461886927
h_XY_0_1:10:FORWARD,DT,Helix,C4',0.24691099555784063
h_XY_0_1:10:FORWARD,DT,Helix,C3',0.2821785471159389
h_XY_0_1:10:FORWARD,DT,Helix,C2',0.3261911867425421
h_XY_0_1:10:FORWARD,DT,Helix,C1',0.36462078017610133
h_XY_0_1:11:FORWARD,DA,Helix,C5',0.14219899398437885
h_XY_0_1:11:FORWARD,DA,Helix,C4',0.22260216843104258
h_XY_0_1:11:FORWARD,DA,Helix,C3',0.2610931420418674
h_XY_0_1:11:FORWARD,DA,Helix,C2',0.2937286087188709
h_XY_0_1:11:FORWARD,DA,Helix,C1',0.33817485036543316
h_XY_0_1:12:FORWARD,DC,Helix,C5',0.1392803976140061
h_XY_0_1:12:FORWARD,DC,Helix,C4',0.22165442667079802
h_XY_0_1:12:FORWARD,DC,Helix,C3',0.26657118363516624
h_XY_0_1:12:FORWARD,DC,Helix,C2',0.31467075577092246
h_XY_0_1:12:FORWARD,DC,Helix,C1',0.3481734048275785
h_XY_0_1:13:FORWARD,DG,Helix,C5',0.1345461611747087
h_XY_0_1:13:FORWARD,DG,Helix,C4',0.20996179430084078
h_XY_0_1:13:FORWARD,DG,Helix,C3',0.25041619955452254
h_XY_0_1:13:FORWARD,DG,Helix,C2',0.2879506923669702
h_XY_0_1:13:FORWARD,DG,Helix,C1',0.33183914415314203
h_XY_1_1:13:REVERSE,DT,Helix,C5',0.16329432922317955
h_XY_1_1:13:REVERSE,DT,Helix,C4',0.24603959107558918
h_XY_1_1:13:REVERSE,DT,Helix,C3',0.281875905450643
h_XY_1_1:13:REVERSE,DT,Helix,C2',0.32600805323197024
h_XY_1_1:13:REVERSE,DT,Helix,C1',0.3641511160240142
h_XY_1_1:12:REVERSE,DG,Helix,C5',0.13587099240918546
h_XY_1_1:12:REVERSE,DG,Helix,C4',0.21093239743509062
h_XY_1_1:12:REVERSE,DG,Helix,C3',0.2515401923658417
h_XY_1_1:12:REVERSE,DG,Helix,C2',0.28781968071479236
h_XY_1_1:12:REVERSE,DG,Helix,C1',0.3316775311036836
h_XY_1_1:11:REVERSE,DG,Helix,C5',0.13587265685518207
h_XY_1_1:11:REVERSE,DG,Helix,C4',0.21093133397697317
h_XY_1_1:11:REVERSE,DG,Helix,C3',0.2515386861952685
h_XY_1_1:11:REVERSE,DG,Helix,C2',0.2878163403396266
h_XY_1_1:11:REVERSE,DG,Helix,C1',0.33167987736127436
h_XY_1_1:10:REVERSE,DT,Helix,C5',0.1632964110570267
h_XY_1_1:10:REVERSE,DT,Helix,C4',0.2460413303468347
h_XY_1_1:10:REVERSE,DT,Helix,C3',0.2818803457070227
h_XY_1_1:10:REVERSE,DT,Helix,C2',0.3260070111374545
h_XY_1_1:10:REVERSE,DT,Helix,C1',0.364151622611782
h_XY_1_1:9:REVERSE,DA,Helix,C5',0.1427537853329687
h_XY_1_1:9:REVERSE,DA,Helix,C4',0.22371003901561548
h_XY_1_1:9:REVERSE,DA,Helix,C3',0.26233332653230296
h_XY_1_1:9:REVERSE,DA,Helix,C2',0.29474374483759047
h_XY_1_1:9:REVERSE,DA,Helix,C1',0.3391185611698338
h_XY_1_1:8:REVERSE,DG,Helix,C5',0.135875197876312
h_XY_1_1:8:REVERSE,DG,Helix,C4',0.21093021387885982
h_XY_1_1:8:REVERSE,DG,Helix,C3',0.2515403048418717
h_XY_1_1:8:REVERSE,DG,Helix,C2',0.28781159172726045
h_XY_1_1:8:REVERSE,DG,Helix,C1',0.331682550666583
h_XY_1_1:7:REVERSE,DC,Helix,C5',0.1386260063597809
h_XY_1_1:7:REVERSE,DC,Helix,C4',0.22106463182739527
h_XY_1_1:7:REVERSE,DC,Helix,C3',0.2665011961804646
h_XY_1_1:7:REVERSE,DC,Helix,C2',0.31449808559235043
h_XY_1_1:7:REVERSE,DC,Helix,C1',0.34747178749402696
h_XY_1_1:27:REVERSE,DA,Helix,C5',0.1427538836827315
h_XY_1_1:27:REVERSE,DA,Helix,C4',0.22371311129561947
h_XY_1_1:27:REVERSE,DA,Helix,C3',0.2623329423953553
h_XY_1_1:27:REVERSE,DA,Helix,C2',0.2947426390402522
h_XY_1_1:27:REVERSE,DA,Helix,C1',0.3391168608822234
h_XY_1_1:26:REVERSE,DT,Helix,C5',0.16329626564891866
h_XY_1_1:26:REVERSE,DT,Helix,C4',0.2460430396712954
h_XY_1_1:26:REVERSE,DT,Helix,C3',0.28187590846376304
h_XY_1_1:26:REVERSE,DT,Helix,C2',0.326008896845537
h_XY_1_1:26:REVERSE,DT,Helix,C1',0.3641499520891682
h_XY_1_1:25:REVERSE,DG,Helix,C5',0.13587378220123558
h_XY_1_1:25:REVERSE,DG,Helix,C4',0.21093294809671204
h_XY_1_1:25:REVERSE,DG,Helix,C3',0.2515445026940863
h_XY_1_1:25:REVERSE,DG,Helix,C2',0.2878178464676259
h_XY_1_1:25:REVERSE,DG,Helix,C1',0.33167561845882193
h_XY_1_1:24:REVERSE,DT,Helix,C5',0.16329351806821565
h_XY_1_1:24:REVERSE,DT,Helix,C4',0.24603815506595494
h_XY_1_1:24:REVERSE,DT,Helix,C3',0.2818778600024275
h_XY_1_1:24:REVERSE,DT,Helix,C2',0.32601059497133406
h_XY_1_1:24:REVERSE,DT,Helix,C1',0.36415376652091463
h_XY_1_1:23:REVERSE,DG,Helix,C5',0.1358676504586752
h_XY_1_1:23:REVERSE,DG,Helix,C4',0.21093088872012067
h_XY_1_1:23:REVERSE,DG,Helix,C3',0.25153755260235294
h_XY_1_1:23:REVERSE,DG,Helix,C2',0.2878149698522919
h_XY_1_1:23:REVERSE,DG,Helix,C1',0.3316838105944156
h_XY_1_1:22:REVERSE,DC,Helix,C5',0.13863099021848618
h_XY_1_1:22:REVERSE,DC,Helix,C4',0.22105911913278545
h_XY_1_1:22:REVERSE,DC,Helix,C3',0.2665013959768581
h_XY_1_1:22:REVERSE,DC,Helix,C2',0.3144993242437664
h_XY_1_1:22:REVERSE,DC,Helix,C1',0.3474740373788962
h_XY_1_1:21:REVERSE,DG,Helix,C5',0.1358734807110072
h_XY_1_1:21:REVERSE,DG,Helix,C4',0.21093094646904248
h_XY_1_1:21:REVERSE,DG,Helix,C3',0.25154446656512663
h_XY_1_1:21:REVERSE,DG,Helix,C2',0.2878134108681148
h_XY_1_1:21:REVERSE,DG,Helix,C1',0.33168231275356347
h_XY_1_1:20:REVERSE,DG,Helix,C5',0.13587294487687088
h_XY_1_1:20:REVERSE,DG,Helix,C4',0.21093541479644556
h_XY_1_1:20:REVERSE,DG,Helix,C3',0.2515387630972914
h_XY_1_1:20:REVERSE,DG,Helix,C2',0.28781831133384617
h_XY_1_1:20:REVERSE,DG,Helix,C1',0.33167790674584113
h_XY_1_1:19:REVERSE,DC,Helix,C5',0.13862920276416518
h_XY_1_1:19:REVERSE,DC,Helix,C4',0.2210606301135056
h_XY_1_1:19:REVERSE,DC,Helix,C3',0.2664990606094674
h_XY_1_1:19:REVERSE,DC,Helix,C2',0.31449893281844765
h_XY_1_1:19:REVERSE,DC,Helix,C1',0.34747111696192146
h_XY_1_1:18:REVERSE,DG,Helix,C5',0.1358725784814279
h_XY_1_1:18:REVERSE,DG,Helix,C4',0.21093193562845605
h_XY_1_1:18:REVERSE,DG,Helix,C3',0.25154000695587
h_XY_1_1:18:REVERSE,DG,Helix,C2',0.28781877954333906
h_XY_1_1:18:REVERSE,DG,Helix,C1',0.33167708019062453
h_XY_1_1:17:REVERSE,DT,Helix,C5',0.1632975679259486
h_XY_1_1:17:REVERSE,DT,Helix,C4',0.2460441943368627
h_XY_1_1:17:REVERSE,DT,Helix,C3',0.28187984418317497
h_XY_1_1:17:REVERSE,DT,Helix,C2',0.32600841272211944
h_XY_1_1:17:REVERSE,DT,Helix,C1',0.36414687194347495
h_XY_1_1:16:REVERSE,DG,Helix,C5',0.13587413245225738
h_XY_1_1:16:REVERSE,DG,Helix,C4',0.21093021239461426
h_XY_1_1:16:REVERSE,DG,Helix,C3',0.2515416250447294
h_XY_1_1:16:REVERSE,DG,Helix,C2',0.28781269614727484
h_XY_1_1:16:REVERSE,DG,Helix,C1',0.33168054903246913
h_XY_1_1:15:REVERSE,DT,Helix,C5',0.1632919273144401
h_XY_1_1:15:REVERSE,DT,Helix,C4',0.2460349888268906
h_XY_1_1:15:REVERSE,DT,Helix,C3',0.2818786881986224
h_XY_1_1:15:REVERSE,DT,Helix,C2',0.32600428325997055
h_XY_1_1:15:REVERSE,DT,Helix,C1',0.3641477401115587
h_XY_1_1:14:REVERSE,DG,Helix,C5',0.13587215547661607
h_XY_1_1:14:REVERSE,DG,Helix,C4',0.21093600019290168
h_XY_1_1:14:REVERSE,DG,Helix,C3',0.251542685974753
h_XY_1_1:14:REVERSE,DG,Helix,C2',0.28781631473119845
h_XY_1_1:14:REVERSE,DG,Helix,C1',0.33168240141539773
h_XY_0_1:14:FORWARD,DG,Helix,C5',0.13454112483645175
h_XY_0_1:14:FORWARD,DG,Helix,C4',0.20995821960434838
h_XY_0_1:14:FORWARD,DG,Helix,C3',0.2504200571009981
h_XY_0_1:14:FORWARD,DG,Helix,C2',0.2879503435316569
h_XY_0_1:14:FORWARD,DG,Helix,C1',0.33183737835451066
h_XY_0_1:15:FORWARD,DT,Helix,C5',0.16445845215113647
h_XY_0_1:15:FORWARD,DT,Helix,C4',0.24690904262908095
h_XY_0_1:15:FORWARD,DT,Helix,C3',0.28217474729640024
h_XY_0_1:15:FORWARD,DT,Helix,C2',0.3261922124961724
h_XY_0_1:15:FORWARD,DT,Helix,C1',0.3646167698921664
h_XY_0_1:16:FORWARD,DG,Helix,C5',0.1345435333986368
h_XY_0_1:16:FORWARD,DG,Helix,C4',0.2099581570295829
h_XY_0_1:16:FORWARD,DG,Helix,C3',0.25041851113632824
h_XY_0_1:16:FORWARD,DG,Helix,C2',0.28795019671723127
h_XY_0_1:16:FORWARD,DG,Helix,C1',0.33183051924315116
h_XY_0_1:17:FORWARD,DT,Helix,C5',0.1644619061756811
h_XY_0_1:17:FORWARD,DT,Helix,C4',0.24691151801892253
h_XY_0_1:17:FORWARD,DT,Helix,C3',0.28217340836657745
h_XY_0_1:17:FORWARD,DT,Helix,C2',0.3261882046377896
h_XY_0_1:17:FORWARD,DT,Helix,C1',0.36461788386096616
h_XY_0_1:18:FORWARD,DG,Helix,C5',0.13454475267942526
h_XY_0_1:18:FORWARD,DG,Helix,C4',0.20995958811920484
h_XY_0_1:18:FORWARD,DG,Helix,C3',0.25042241284223865
h_XY_0_1:18:FORWARD,DG,Helix,C2',0.28795472238640557
h_XY_0_1:18:FORWARD,DG,Helix,C1',0.3318387886585152
h_XY_0_1:19:FORWARD,DC,Helix,C5',0.13927863509036853
h_XY_0_1:19:FORWARD,DC,Helix,C4',0.22165453230453921
h_XY_0_1:19:FORWARD,DC,Helix,C3',0.2665662327903948
h_XY_0_1:19:FORWARD,DC,Helix,C2',0.3146776558807606
h_XY_0_1:19:FORWARD,DC,Helix,C1',0.3481771075091614
h_XY_0_1:20:FORWARD,DG,Helix,C5',0.13454174802024588
h_XY_0_1:20:FORWARD,DG,Helix,C4',0.20996126957862446
h_XY_0_1:20:FORWARD,DG,Helix,C3',0.25042322179888155
h_XY_0_1:20:FORWARD,DG,Helix,C2',0.2879466611033463
h_XY_0_1:20:FORWARD,DG,Helix,C1',0.3318386225748422
h_XY_0_1:21:FORWARD,DG,Helix,C5',0.1345419137660656
h_XY_0_1:21:FORWARD,DG,Helix,C4',0.20995696601987002
h_XY_0_1:21:FORWARD,DG,Helix,C3',0.2504219197495709
h_XY_0_1:21:FORWARD,DG,Helix,C2',0.28794973755834957
h_XY_0_1:21:FORWARD,DG,Helix,C1',0.3318395951585865
h_XY_0_1:22:FORWARD,DC,Helix,C5',0.1392850921736082
h_XY_0_1:22:FORWARD,DC,Helix,C4',0.221652096356975
h_XY_0_1:22:FORWARD,DC,Helix,C3',0.26657167645562935
h_XY_0_1:22:FORWARD,DC,Helix,C2',0.3146776680887773
h_XY_0_1:22:FORWARD,DC,Helix,C1',0.3481741533144007
h_XY_0_1:23:FORWARD,DG,Helix,C5',0.1345456090290451
h_XY_0_1:23:FORWARD,DG,Helix,C4',0.20995454694910606
h_XY_0_1:23:FORWARD,DG,Helix,C3',0.25041921694121877
h_XY_0_1:23:FORWARD,DG,Helix,C2',0.2879471594131143
h_XY_0_1:23:FORWARD,DG,Helix,C1',0.33183840614969345
h_XY_0_1:24:FORWARD,DT,Helix,C5',0.16446006798896948
h_XY_0_1:24:FORWARD,DT,Helix,C4',0.246917019769839
h_XY_0_1:24:FORWARD,DT,Helix,C3',0.28217321160054104
h_XY_0_1:24:FORWARD,DT,Helix,C2',0.3261901581992268
h_XY_0_1:24:FORWARD,DT,Helix,C1',0.3646175431293456
h_XY_0_1:25:FORWARD,DG,Helix,C5',0.13454239458099654
h_XY_0_1:25:FORWARD,DG,Helix,C4',0.20996049342116996
h_XY_0_1:25:FORWARD,DG,Helix,C3',0.25042503646492936
h_XY_0_1:25:FORWARD,DG,Helix,C2',0.2879534187822292
h_XY_0_1:25:FORWARD,DG,Helix,C1',0.3318368563998303
h_XY_0_1:26:FORWARD,DT,Helix,C5',0.16445886201697138
h_XY_0_1:26:FORWARD,DT,Helix,C4',0.2469163776439677
h_XY_0_1:26:FORWARD,DT,Helix,C3',0.2821780605021284
h_XY_0_1:26:FORWARD,DT,Helix,C2',0.3261857542073241
h_XY_0_1:26:FORWARD,DT,Helix,C1',0.36461523749205754
h_XY_0_1:27:FORWARD,DA,Helix,C5',0.1421992588447707
h_XY_0_1:27:FORWARD,DA,Helix,C4',0.22260105715497952
h_XY_0_1:27:FORWARD,DA,Helix,C3',0.26109023356753946
h_XY_0_1:27:FORWARD,DA,Helix,C2',0.2937280066078121
h_XY_0_1:27:FORWARD,DA,Helix,C1',0.3381691579337532
h_XY_1_1:5:FORWARD,DA,Helix,C5',0.14220264892899037
h_XY_1_1:5:FORWARD,DA,Helix,C4',0.22260440452172794
h_XY_1_1:5:FORWARD,DA,Helix,C3',0.26109839223981945
h_XY_1_1:5:FORWARD,DA,Helix,C2',0.2937321925503913
h_XY_1_1:5:FORWARD,DA,Helix,C1',0.33816793713897264
h_XY_1_1:6:FORWARD,DA,Helix,C5',0.14220479254920523
h_XY_1_1:6:FORWARD,DA,Helix,C4',0.22260098996453515
h_XY_1_1:6:FORWARD,DA,Helix,C3',0.26109441874664807
h_XY_1_1:6:FORWARD,DA,Helix,C2',0.2937289210661882
h_XY_1_1:6:FORWARD,DA,Helix,C1',0.33816852891261406
h_XY_1_1:7:FORWARD,DG,Helix,C5',0.13454247673180134
h_XY_1_1:7:FORWARD,DG,Helix,C4',0.20995988650444655
h_XY_1_1:7:FORWARD,DG,Helix,C3',0.25042431265707926
h_XY_1_1:7:FORWARD,DG,Helix,C2',0.2879527615819395
h_XY_1_1:7:FORWARD,DG,Helix,C1',0.3318368194343402
h_XY_1_1:8:FORWARD,DC,Helix,C5',0.13927971628782349
h_XY_1_1:8:FORWARD,DC,Helix,C4',0.2216561281679209
h_XY_1_1:8:FORWARD,DC,Helix,C3',0.26656287872866724
h_XY_1_1:8:FORWARD,DC,Helix,C2',0.31467282553050474
h_XY_1_1:8:FORWARD,DC,Helix,C1',0.34817749377272145
h_XY_1_1:9:FORWARD,DT,Helix,C5',0.16446068755981444
h_XY_1_1:9:FORWARD,DT,Helix,C4',0.2469171696562935
h_XY_1_1:9:FORWARD,DT,Helix,C3',0.28217863072294164
h_XY_1_1:9:FORWARD,DT,Helix,C2',0.3261885809665937
h_XY_1_1:9:FORWARD,DT,Helix,C1',0.36462368869235706
h_XY_1_1:10:FORWARD,DA,Helix,C5',0.1421993316786477
h_XY_1_1:10:FORWARD,DA,Helix,C4',0.22260113343864463
h_XY_1_1:10:FORWARD,DA,Helix,C3',0.2610978470925665
h_XY_1_1:10:FORWARD,DA,Helix,C2',0.293730001449476
h_XY_1_1:10:FORWARD,DA,Helix,C1',0.3381675587142126
h_XY_1_1:11:FORWARD,DC,Helix,C5',0.13928119145258486
h_XY_1_1:11:FORWARD,DC,Helix,C4',0.22165147406696006
h_XY_1_1:11:FORWARD,DC,Helix,C3',0.26656939706084665
h_XY_1_1:11:FORWARD,DC,Helix,C2',0.3146760491013982
h_XY_1_1:11:FORWARD,DC,Helix,C1',0.34817893809020684
h_XY_1_1:12:FORWARD,DC,Helix,C5',0.1392841387246006
h_XY_1_1:12:FORWARD,DC,Helix,C4',0.2216499098419998
h_XY_1_1:12:FORWARD,DC,Helix,C3',0.2665631355426134
h_XY_1_1:12:FORWARD,DC,Helix,C2',0.31467640515694306
h_XY_1_1:12:FORWARD,DC,Helix,C1',0.348175745974332
h_XY_1_1:13:FORWARD,DA,Helix,C5',0.1422033075005199
h_XY_1_1:13:FORWARD,DA,Helix,C4',0.22260586808670746
h_XY_1_1:13:FORWARD,DA,Helix,C3',0.26109860429997417
h_XY_1_1:13:FORWARD,DA,Helix,C2',0.2937296436765145
h_XY_1_1:13:FORWARD,DA,Helix,C1',0.33817405346765067
h_XY_1_1:14:FORWARD,DC,Helix,C5',0.1392788581916611
h_XY_1_1:14:FORWARD,DC,Helix,C4',0.2216557657788897
h_XY_1_1:14:FORWARD,DC,Helix,C3',0.26656452804500147
h_XY_1_1:14:FORWARD,DC,Helix,C2',0.31467138246421195
h_XY_1_1:14:FORWARD,DC,Helix,C1',0.3481774324900149
h_XY_1_1:15:FORWARD,DA,Helix,C5',0.1421999903631776
h_XY_1_1:15:FORWARD,DA,Helix,C4',0.22260318239433424
h_XY_1_1:15:FORWARD,DA,Helix,C3',0.26109696004230304
h_XY_1_1:15:FORWARD,DA,Helix,C2',0.2937303185253161
h_XY_1_1:15:FORWARD,DA,Helix,C1',0.33816964502114205
h_XY_1_1:16:FORWARD,DC,Helix,C5',0.13928108225558705
h_XY_1_1:16:FORWARD,DC,Helix,C4',0.2216575737045973
h_XY_1_1:16:FORWARD,DC,Helix,C3',0.26656436158938673
h_XY_1_1:16:FORWARD,DC,Helix,C2',0.3146708194626198
h_XY_1_1:16:FORWARD,DC,Helix,C1',0.3481760589120923
h_XY_1_1:17:FORWARD,DA,Helix,C5',0.14220472925061114
h_XY_1_1:17:FORWARD,DA,Helix,C4',0.22260262324828722
h_XY_1_1:17:FORWARD,DA,Helix,C3',0.26109783750486826
h_XY_1_1:17:FORWARD,DA,Helix,C2',0.2937298978656659
h_XY_1_1:17:FORWARD,DA,Helix,C1',0.33816649253801295
h_XY_1_1:18:FORWARD,DC,Helix,C5',0.13927838579325044
h_XY_1_1:18:FORWARD,DC,Helix,C4',0.22164885530429967
h_XY_1_1:18:FORWARD,DC,Helix,C3',0.26656529442308646
h_XY_1_1:18:FORWARD,DC,Helix,C2',0.3146757234954489
h_XY_1_1:18:FORWARD,DC,Helix,C1',0.34817869166040083
h_XY_1_1:19:FORWARD,DG,Helix,C5',0.13454456860906158
h_XY_1_1:19:FORWARD,DG,Helix,C4',0.20995496979969858
h_XY_1_1:19:FORWARD,DG,Helix,C3',0.25042352746829055
h_XY_1_1:19:FORWARD,DG,Helix,C2',0.2879517726666358
h_XY_1_1:19:FORWARD,DG,Helix,C1',0.331836618604679
h_XY_1_1:20:FORWARD,DC,Helix,C5',0.13928183094574
h_XY_1_1:20:FORWARD,DC,Helix,C4',0.22165393461710078
h_XY_1_1:20:FORWARD,DC,Helix,C3',0.2665646563747362
h_XY_1_1:20:FORWARD,DC,Helix,C2',0.31467375382348917
h_XY_1_1:20:FORWARD,DC,Helix,C1',0.3481785731799648
h_XY_1_1:21:FORWARD,DC,Helix,C5',0.13928199693885307
h_XY_1_1:21:FORWARD,DC,Helix,C4',0.22165454101066334
h_XY_1_1:21:FORWARD,DC,Helix,C3',0.2665665091335864
h_XY_1_1:21:FORWARD,DC,Helix,C2',0.31467008035803506
h_XY_1_1:21:FORWARD,DC,Helix,C1',0.34817341314242056
h_XY_1_1:22:FORWARD,DG,Helix,C5',0.1345462205142323
h_XY_1_1:22:FORWARD,DG,Helix,C4',0.2099611613884739
h_XY_1_1:22:FORWARD,DG,Helix,C3',0.2504258043162265
h_XY_1_1:22:FORWARD,DG,Helix,C2',0.2879527093433437
h_XY_1_1:22:FORWARD,DG,Helix,C1',0.33183170638190934
h_XY_1_1:23:FORWARD,DC,Helix,C5',0.1392812946397838
h_XY_1_1:23:FORWARD,DC,Helix,C4',0.22165294610256556
h_XY_1_1:23:FORWARD,DC,Helix,C3',0.2665704360728049
h_XY_1_1:23:FORWARD,DC,Helix,C2',0.3146738619874594
h_XY_1_1:23:FORWARD,DC,Helix,C1',0.3481784653030663
h_XY_1_1:24:FORWARD,DA,Helix,C5',0.14220301607394917
h_XY_1_1:24:FORWARD,DA,Helix,C4',0.2226024963084144
h_XY_1_1:24:FORWARD,DA,Helix,C3',0.2610936844239778
h_XY_1_1:24:FORWARD,DA,Helix,C2',0.29372758980746844
h_XY_1_1:24:FORWARD,DA,Helix,C1',0.3381679074823037
h_XY_1_1:25:FORWARD,DC,Helix,C5',0.13928088039838885
h_XY_1_1:25:FORWARD,DC,Helix,C4',0.22165820814034978
h_XY_1_1:25:FORWARD,DC,Helix,C3',0.26656977301357293
h_XY_1_1:25:FORWARD,DC,Helix,C2',0.31467795969857604
h_XY_1_1:25:FORWARD,DC,Helix,C1',0.34817840747061135
h_XY_1_1:26:FORWARD,DA,Helix,C5',0.14220273586974314
h_XY_1_1:26:FORWARD,DA,Helix,C4',0.22260445932716647
h_XY_1_1:26:FORWARD,DA,Helix,C3',0.26109821025217667
h_XY_1_1:26:FORWARD,DA,Helix,C2',0.2937319983910209
h_XY_1_1:26:FORWARD,DA,Helix,C1',0.3381678664107775
h_XY_1_1:27:FORWARD,DT,Helix,C5',0.1644628985600026
h_XY_1_1:27:FORWARD,DT,Helix,C4',0.24690672791348695
h_XY_1_1:27:FORWARD,DT,Helix,C3',0.2821769281111592
h_XY_1_1:27:FORWARD,DT,Helix,C2',0.32618532935503514
h_XY_1_1:27:FORWARD,DT,Helix,C1',0.36461905712690684
h_XY_1_1:28:FORWARD,DA,Helix,C5',0.14219997971457932
h_XY_1_1:28:FORWARD,DA,Helix,C4',0.2226032928985613
h_XY_1_1:28:FORWARD,DA,Helix,C3',0.26109905990157883
h_XY_1_1:28:FORWARD,DA,Helix,C2',0.29372723579564536
h_XY_1_1:28:FORWARD,DA,Helix,C1',0.3381688774753049
h_XY_1_1:29:FORWARD,DA,Helix,C5',0.14220036432899813
h_XY_1_1:29:FORWARD,DA,Helix,C4',0.2226011859703978
h_XY_1_1:29:FORWARD,DA,Helix,C3',0.26109612861781467
h_XY_1_1:29:FORWARD,DA,Helix,C2',0.2937251461236109
h_XY_1_1:29:FORWARD,DA,Helix,C1',0.33817260927148324
h_XY_1_1:30:FORWARD,DA,Helix,C5',0.14220092580331703
h_XY_1_1:30:FORWARD,DA,Helix,C4',0.22259990393712864
h_XY_1_1:30:FORWARD,DA,Helix,C3',0.26109443116100095
h_XY_1_1:30:FORWARD,DA,Helix,C2',0.2937327284342679
h_XY_1_1:30:FORWARD,DA,Helix,C1',0.33817282028305906
h_XY_0_1:30:REVERSE,DA,Helix,C5',0.142755614698035
h_XY_0_1:30:REVERSE,DA,Helix,C4',0.22370821926748552
h_XY_0_1:30:REVERSE,DA,Helix,C3',0.26233705516607747
h_XY_0_1:30:REVERSE,DA,Helix,C2',0.29474397795863216
h_XY_0_1:30:REVERSE,DA,Helix,C1',0.33911740214170405
h_XY_0_1:29:REVERSE,DA,Helix,C5',0.14275135607669645
h_XY_0_1:29:REVERSE,DA,Helix,C4',0.2237127190646244
h_XY_0_1:29:REVERSE,DA,Helix,C3',0.2623417069395411
h_XY_0_1:29:REVERSE,DA,Helix,C2',0.2947500020493399
h_XY_0_1:29:REVERSE,DA,Helix,C1',0.33911927067357994
h_XY_0_1:28:REVERSE,DA,Helix,C5',0.1427529150836364
h_XY_0_1:28:REVERSE,DA,Helix,C4',0.2237142982318067
h_XY_0_1:28:REVERSE,DA,Helix,C3',0.2623396368577241
h_XY_0_1:28:REVERSE,DA,Helix,C2',0.29474548993667193
h_XY_0_1:28:REVERSE,DA,Helix,C1',0.33911902351507195
h_XY_0_1:27:REVERSE,DT,Helix,C5',0.16329674390550966
h_XY_0_1:27:REVERSE,DT,Helix,C4',0.24604022210708806
h_XY_0_1:27:REVERSE,DT,Helix,C3',0.2818815785699632
h_XY_0_1:27:REVERSE,DT,Helix,C2',0.3260068284352506
h_XY_0_1:27:REVERSE,DT,Helix,C1',0.3641461393100055
h_XY_0_1:26:REVERSE,DA,Helix,C5',0.14275275157431108
h_XY_0_1:26:REVERSE,DA,Helix,C4',0.2237085322545765
h_XY_0_1:26:REVERSE,DA,Helix,C3',0.26233899117457904
h_XY_0_1:26:REVERSE,DA,Helix,C2',0.29474248265596786
h_XY_0_1:26:REVERSE,DA,Helix,C1',0.33911738607229786
h_XY_0_1:25:REVERSE,DC,Helix,C5',0.13862636637262557
h_XY_0_1:25:REVERSE,DC,Helix,C4',0.22106790214427002
h_XY_0_1:25:REVERSE,DC,Helix,C3',0.26649890626681855
h_XY_0_1:25:REVERSE,DC,Helix,C2',0.31449499302604184
h_XY_0_1:25:REVERSE,DC,Helix,C1',0.34746792759913053
h_XY_0_1:24:REVERSE,DA,Helix,C5',0.14275115521062332
h_XY_0_1:24:REVERSE,DA,Helix,C4',0.22370988569547037
h_XY_0_1:24:REVERSE,DA,Helix,C3',0.2623376369470577
h_XY_0_1:24:REVERSE,DA,Helix,C2',0.29474380748080825
h_XY_0_1:24:REVERSE,DA,Helix,C1',0.3391225040224211
h_XY_0_1:23:REVERSE,DC,Helix,C5',0.1386238921980933
h_XY_0_1:23:REVERSE,DC,Helix,C4',0.22105984860519604
h_XY_0_1:23:REVERSE,DC,Helix,C3',0.26649798285094106
h_XY_0_1:23:REVERSE,DC,Helix,C2',0.3144956588822015
h_XY_0_1:23:REVERSE,DC,Helix,C1',0.3474705176593611
h_XY_0_1:22:REVERSE,DG,Helix,C5',0.1358729425484518
h_XY_0_1:22:REVERSE,DG,Helix,C4',0.2109291017774579
h_XY_0_1:22:REVERSE,DG,Helix,C3',0.2515441065611154
h_XY_0_1:22:REVERSE,DG,Helix,C2',0.2878166128006259
h_XY_0_1:22:REVERSE,DG,Helix,C1',0.33168390644598256
h_XY_0_1:21:REVERSE,DC,Helix,C5',0.13862504669346373
h_XY_0_1:21:REVERSE,DC,Helix,C4',0.2210620075413986
h_XY_0_1:21:REVERSE,DC,Helix,C3',0.2665021422399822
h_XY_0_1:21:REVERSE,DC,Helix,C2',0.31450061245963823
h_XY_0_1:21:REVERSE,DC,Helix,C1',0.34746538085892587
h_XY_0_1:20:REVERSE,DC,Helix,C5',0.13863059528424979
h_XY_0_1:20:REVERSE,DC,Helix,C4',0.22106228616960838
h_XY_0_1:20:REVERSE,DC,Helix,C3',0.26650399284123377
h_XY_0_1:20:REVERSE,DC,Helix,C2',0.31449792295057133
h_XY_0_1:20:REVERSE,DC,Helix,C1',0.3474658997813383
h_XY_0_1:19:REVERSE,DG,Helix,C5',0.13587059639021687
h_XY_0_1:19:REVERSE,DG,Helix,C4',0.21093411721754937
h_XY_0_1:19:REVERSE,DG,Helix,C3',0.25153720428965115
h_XY_0_1:19:REVERSE,DG,Helix,C2',0.2878160967411603
h_XY_0_1:19:REVERSE,DG,Helix,C1',0.3316802219909021
h_XY_0_1:18:REVERSE,DC,Helix,C5',0.1386283046392988
h_XY_0_1:18:REVERSE,DC,Helix,C4',0.22106355871277517
h_XY_0_1:18:REVERSE,DC,Helix,C3',0.26650379427815474
h_XY_0_1:18:REVERSE,DC,Helix,C2',0.3145019453712994
h_XY_0_1:18:REVERSE,DC,Helix,C1',0.3474692280114674
h_XY_0_1:17:REVERSE,DA,Helix,C5',0.14275073161738228
h_XY_0_1:17:REVERSE,DA,Helix,C4',0.22370527912450683
h_XY_0_1:17:REVERSE,DA,Helix,C3',0.2623329952440175
h_XY_0_1:17:REVERSE,DA,Helix,C2',0.2947507271200481
h_XY_0_1:17:REVERSE,DA,Helix,C1',0.33911802468216184
h_XY_0_1:16:REVERSE,DC,Helix,C5',0.13862540682217644
h_XY_0_1:16:REVERSE,DC,Helix,C4',0.22106515471710445
h_XY_0_1:16:REVERSE,DC,Helix,C3',0.266503128951936
h_XY_0_1:16:REVERSE,DC,Helix,C2',0.3145022346544201
h_XY_0_1:16:REVERSE,DC,Helix,C1',0.3474674604730788
h_XY_0_1:15:REVERSE,DA,Helix,C5',0.14275803783628316
h_XY_0_1:15:REVERSE,DA,Helix,C4',0.22371251173861997
h_XY_0_1:15:REVERSE,DA,Helix,C3',0.2623387499951811
h_XY_0_1:15:REVERSE,DA,Helix,C2',0.29474892899231303
h_XY_0_1:15:REVERSE,DA,Helix,C1',0.3391162195403821
h_XY_0_1:14:REVERSE,DC,Helix,C5',0.1386279299960847
h_XY_0_1:14:REVERSE,DC,Helix,C4',0.22106393192017312
h_XY_0_1:14:REVERSE,DC,Helix,C3',0.26650559380034533
h_XY_0_1:14:REVERSE,DC,Helix,C2',0.3144992861593499
h_XY_0_1:14:REVERSE,DC,Helix,C1',0.3474743469527759
h_XY_0_1:13:REVERSE,DC,Helix,C5',0.13862140956470737
h_XY_0_1:13:REVERSE,DC,Helix,C4',0.22106372579508995
h_XY_0_1:13:REVERSE,DC,Helix,C3',0.2665017446034371
h_XY_0_1:13:REVERSE,DC,Helix,C2',0.3144976034731706
h_XY_0_1:13:REVERSE,DC,Helix,C1',0.347464980592389
h_XY_0_1:12:REVERSE,DG,Helix,C5',0.13587301722983922
h_XY_0_1:12:REVERSE,DG,Helix,C4',0.21093013320011328
h_XY_0_1:12:REVERSE,DG,Helix,C3',0.25154077559622046
h_XY_0_1:12:REVERSE,DG,Helix,C2',0.28781183833468726
h_XY_0_1:12:REVERSE,DG,Helix,C1',0.33167545376579527
h_XY_0_1:11:REVERSE,DT,Helix,C5',0.16329434155024
h_XY_0_1:11:REVERSE,DT,Helix,C4',0.24604128048807522
h_XY_0_1:11:REVERSE,DT,Helix,C3',0.28188142123697574
h_XY_0_1:11:REVERSE,DT,Helix,C2',0.32600854685689323
h_XY_0_1:11:REVERSE,DT,Helix,C1',0.36414930584847693
h_XY_0_1:10:REVERSE,DA,Helix,C5',0.14275202413326205
h_XY_0_1:10:REVERSE,DA,Helix,C4',0.22370988180580786
h_XY_0_1:10:REVERSE,DA,Helix,C3',0.26233393696234886
h_XY_0_1:10:REVERSE,DA,Helix,C2',0.29474501266884157
h_XY_0_1:10:REVERSE,DA,Helix,C1',0.3391163745823188
h_XY_0_1:9:REVERSE,DT,Helix,C5',0.16329386498811782
h_XY_0_1:9:REVERSE,DT,Helix,C4',0.24603846874817767
h_XY_0_1:9:REVERSE,DT,Helix,C3',0.28188378181087803
h_XY_0_1:9:REVERSE,DT,Helix,C2',0.32600499499040925
h_XY_0_1:9:REVERSE,DT,Helix,C1',0.3641551851015726
h_XY_0_1:8:REVERSE,DG,Helix,C5',0.1358744198331966
h_XY_0_1:8:REVERSE,DG,Helix,C4',0.21093566635396815
h_XY_0_1:8:REVERSE,DG,Helix,C3',0.25154578917996473
h_XY_0_1:8:REVERSE,DG,Helix,C2',0.28781677534332817
h_XY_0_1:8:REVERSE,DG,Helix,C1',0.3316789290612166
h_XY_0_1:7:REVERSE,DC,Helix,C5',0.1386267517770215
h_XY_0_1:7:REVERSE,DC,Helix,C4',0.2210683222615212
h_XY_0_1:7:REVERSE,DC,Helix,C3',0.2664972269254526
h_XY_0_1:7:REVERSE,DC,Helix,C2',0.31449519702975803
h_XY_0_1:7:REVERSE,DC,Helix,C1',0.34746386143312474
h_XY_0_1:6:REVERSE,DA,Helix,C5',0.1427515067243945
h_XY_0_1:6:REVERSE,DA,Helix,C4',0.22371027869011592
h_XY_0_1:6:REVERSE,DA,Helix,C3',0.2623331508041755
h_XY_0_1:6:REVERSE,DA,Helix,C2',0.2947489819287405
h_XY_0_1:6:REVERSE,DA,Helix,C1',0.3391213750608088
h_XY_0_1:5:REVERSE,DA,Helix,C5',0.1427528379961685
h_XY_0_1:5:REVERSE,DA,Helix,C4',0.22370861375254725
h_XY_0_1:5:REVERSE,DA,Helix,C3',0.26233899117457904
h_XY_0_1:5:REVERSE,DA,Helix,C2',0.2947421599626836
h_XY_0_1:5:REVERSE,DA,Helix,C1',0.33911742130242967
__xb__:4a12dd44-bce2-46be-8296-093ce52d2ec9:0,DT,CPD 1,C5',0.47461964550412095
__xb__:4a12dd44-bce2-46be-8296-093ce52d2ec9:0,DT,CPD 1,C4',0.5077275713338141
__xb__:4a12dd44-bce2-46be-8296-093ce52d2ec9:0,DT,CPD 1,C3',0.47533052333334835
__xb__:4a12dd44-bce2-46be-8296-093ce52d2ec9:0,DT,CPD 1,C2',0.4110714597376696
__xb__:4a12dd44-bce2-46be-8296-093ce52d2ec9:0,DT,CPD 1,C1',0.4938265399434725
__xb__:54c5689d-127b-4693-bc11-f51121719fad:0,DT,CPD 2,C5',0.5019066936606515
__xb__:54c5689d-127b-4693-bc11-f51121719fad:0,DT,CPD 2,C4',0.5141145078314758
__xb__:54c5689d-127b-4693-bc11-f51121719fad:0,DT,CPD 2,C3',0.47163758022855007
__xb__:54c5689d-127b-4693-bc11-f51121719fad:0,DT,CPD 2,C2',0.4126948648749311
__xb__:54c5689d-127b-4693-bc11-f51121719fad:0,DT,CPD 2,C1',0.496146452661512
