distance_nm,water_nm3,Na_M,Cl_M,mean_water_dipole_cos_z
4.999999999999893419e-02,0.000000000000000000e+00,0.000000000000000000e+00,0.000000000000000000e+00,nan
1.500000000000003553e-01,0.000000000000000000e+00,0.000000000000000000e+00,0.000000000000000000e+00,nan
2.500000000000000000e-01,9.211248553510075965e+01,1.080818330669246624e-01,0.000000000000000000e+00,-9.612351775694841227e-02
3.499999999999996447e-01,2.389131756202944246e+01,2.624844517339645633e-01,8.106137480019494357e-02,-5.086137485006172500e-03
4.500000000000010658e-01,1.080777405232013244e+01,1.305988816225363003e+00,1.222354064447383898e-01,-9.690658704989066341e-02
5.499999999999989342e-01,6.103509853220567294e+01,2.135902891560692018e-01,6.253306056015038861e-01,-1.319716934366629013e-01
6.500000000000003553e-01,2.705197933141672806e+01,3.190987452452118123e-01,3.062318603562919628e-01,-6.515463069422762488e-02
7.500000000000000000e-01,3.163838703256922713e+01,4.439075286677263699e-01,2.483308783561483379e-01,-1.193977466760855755e-01
8.499999999999996447e-01,3.725536108657528445e+01,1.981500272893653991e-01,2.509042553339367321e-01,-1.137078461353473319e-01
9.500000000000010658e-01,3.362978216552524913e+01,4.194604473787864607e-01,2.663445172006405071e-01,-9.007412568618811122e-02
1.049999999999998934e+00,3.314239401819879305e+01,3.834331696898109487e-01,2.316039280005569856e-01,-1.037097296968519100e-01
1.150000000000000355e+00,3.463167862735786429e+01,4.439075286677263699e-01,2.817847790673392860e-01,-9.020393034614546113e-02
1.250000000000001776e+00,3.381807361194866246e+01,5.108153300901172589e-01,3.654195308453231927e-01,-8.600633866124209048e-02
1.349999999999999645e+00,3.360111227450604332e+01,5.198221495123611646e-01,2.509042553339367321e-01,-8.064083524784383672e-02
1.450000000000001066e+00,3.432018413574443372e+01,4.156003819121105169e-01,2.483308783561527233e-01,-6.818708972557120662e-02
1.549999999999998934e+00,3.370571863363016263e+01,4.053068740009746485e-01,2.135902891560692018e-01,-6.463865369031472630e-02
1.650000000000000355e+00,3.402573660635741959e+01,3.023717948896106900e-01,2.238837970672010735e-01,-6.147155372534842538e-02
1.750000000000001776e+00,3.385991615559831303e+01,2.547643208006126758e-01,2.509042553339367321e-01,-5.773145836372660378e-02
1.849999999999999645e+00,3.381187471659315946e+01,2.071568467116093049e-01,1.724162575115257279e-01,-5.558635443462679737e-02
1.950000000000001066e+00,3.413809158467652338e+01,1.595493726226059061e-01,1.016483906224666667e-01,-5.932900356711192508e-02
2.049999999999998934e+00,3.391028218036177577e+01,1.595493726226059061e-01,1.518292416892539909e-01,-5.354122788335751587e-02
2.150000000000000355e+00,3.378940372092885980e+01,1.839964539115503117e-01,1.608360611114950101e-01,-5.294281299089022286e-02
2.250000000000001776e+00,3.389168549429525967e+01,2.032967812449333334e-01,1.981500272893653991e-01,-5.347856880801458990e-02
2.349999999999999645e+00,3.391725593763671753e+01,2.148769776449611646e-01,2.573376977783966013e-01,-5.374865848708935273e-02
2.450000000000001066e+00,3.368092305220815064e+01,2.135902891560692018e-01,2.496175668450447138e-01,-5.984307015595163870e-02
2.549999999999998934e+00,3.404588301626341007e+01,2.560510092895046386e-01,2.161636661338531551e-01,-5.351198772809128562e-02
2.650000000000000355e+00,3.388006256550309558e+01,2.727779596450956023e-01,2.238837970672010735e-01,-5.482508176287622520e-02
2.750000000000001776e+00,3.366077664230276412e+01,2.946516639562641315e-01,2.213104200894210893e-01,-5.205201091710595640e-02
2.849999999999999645e+00,3.392035538531446548e+01,2.277438625338809863e-01,2.573376977783966013e-01,-5.000884072822436854e-02
2.950000000000001066e+00,3.392655428066996848e+01,2.187370431116371083e-01,2.817847790673443376e-01,-5.111964773090627023e-02
3.049999999999998934e+00,3.375530979647418661e+01,1.634094380892818499e-01,2.135902891560692018e-01,-5.361773219425028381e-02
3.150000000000000355e+00,3.382737195498131655e+01,1.659828150670628610e-01,2.470441898672563474e-01,-5.779462230277625234e-02
3.250000000000001776e+00,3.408152666455755053e+01,2.611977632450725451e-01,3.088052373340759438e-01,-6.037560355754365005e-02
3.349999999999999645e+00,3.358329045035897309e+01,2.007234042671493801e-01,3.088052373340759438e-01,-6.442769755759557293e-02
3.450000000000001066e+00,3.404123384474678460e+01,2.123036006671772113e-01,2.843581560451282630e-01,-6.358841304992658705e-02
3.549999999999998934e+00,3.394437610481703871e+01,2.895049100006962250e-01,2.251704855560970331e-01,-6.294030803795626350e-02
3.650000000000000355e+00,3.371734156242113301e+01,3.345390071119097031e-01,1.711295690226307120e-01,-5.734364160277439365e-02
3.750000000000001776e+00,3.394670069057535500e+01,3.178120567563198495e-01,1.762763229782016994e-01,-6.010269064033611081e-02
3.849999999999999645e+00,3.378707913517114747e+01,3.062318603562919628e-01,1.942899618226894554e-01,-4.915980104677896562e-02
3.950000000000001066e+00,3.378630427325170160e+01,4.040201855120826857e-01,3.139519912896438503e-01,-5.012325789653234581e-02
4.049999999999998934e+00,3.391958052339502672e+01,4.104536279565426105e-01,2.354639934672329293e-01,-4.270692695691747504e-02
4.150000000000000355e+00,3.386146587943658659e+01,3.988734315565077293e-01,2.341773049783367755e-01,-3.345169032465675207e-02
4.250000000000000000e+00,3.382582223114363984e+01,4.477675941344181343e-01,2.328906164894530839e-01,-3.097089985131660367e-02
4.349999999999999645e+00,3.389555980389184953e+01,5.108153300901082661e-01,2.316039280005528223e-01,-2.056204426785673486e-02
4.450000000000001066e+00,3.383357085033741640e+01,4.529143480899781027e-01,1.672695035559578214e-01,-1.089508920503911953e-02
4.549999999999998934e+00,3.394437610481703871e+01,3.165253682674278313e-01,2.238837970672050426e-01,-4.421550316988794374e-03
4.650000000000000355e+00,3.343219237606798089e+01,2.225971085783091385e-01,2.804980905784473233e-01,-5.418497636477019944e-03
4.750000000000001776e+00,3.375918410607138043e+01,2.045834697338253239e-01,3.744263502675670985e-01,-1.110686933648441857e-02
4.849999999999999645e+00,3.462238028432522441e+01,2.135902891560692018e-01,3.821464812009190415e-01,-1.157196893201540948e-02
4.950000000000001066e+00,3.271389537674961900e+01,2.650578287117485443e-01,4.619211675122218974e-01,-1.725250875179865778e-02
5.049999999999998934e+00,3.356391890237302533e+01,3.229588107118877005e-01,4.542010365788700099e-01,-4.022373203337825665e-02
5.150000000000000355e+00,3.671605719064583440e+01,1.209487179558442621e-01,5.558494272013269066e-01,-1.327851356816778933e-02
5.250000000000001776e+00,3.071010245308315589e+01,2.200237316005290988e-01,7.051052919128067975e-01,-8.388697870343211904e-02
5.349999999999999645e+00,2.765869621433661862e+01,1.376756683114422064e-01,5.597094926680126203e-01,-6.275846281210603617e-02
5.450000000000001066e+00,5.921184843576823198e+01,1.672695035559577936e-02,1.637954446359494387e+00,-9.123850427879959257e-02
5.549999999999998934e+00,9.647805758921565555e+00,2.920782869784801505e-01,2.367506819561249198e-01,-2.340124067594972213e-01
5.650000000000000355e+00,2.371464904439717714e+01,1.209487179558442621e-01,5.854432624458418832e-01,-1.600505527844715004e-01
5.750000000000001776e+00,9.259444964899279285e+01,2.058701582227173005e-02,7.720130933351898768e-03,-1.571301467911596916e-01
5.849999999999999645e+00,0.000000000000000000e+00,0.000000000000000000e+00,0.000000000000000000e+00,nan
5.950000000000001066e+00,0.000000000000000000e+00,0.000000000000000000e+00,0.000000000000000000e+00,nan
