distance_nm,total_V,gold_V,ions_V,water_V
0.000000000000000000e+00,-5.723291505144153524e-01,-1.355244624690763011e+01,5.243561729732529209e+00,7.736555366666738820e+00
2.500000000000035527e-02,-4.780953054730406881e-01,-1.345821240186623946e+01,5.243561729732529209e+00,7.736555366666738820e+00
5.000000000000071054e-02,-3.650399397612083541e-01,-1.334515703615442739e+01,5.243561729732529209e+00,7.736555366666738820e+00
7.499999999999928946e-02,-2.519453886073658166e-01,-1.323206248500054194e+01,5.243561729732529209e+00,7.736555366666738820e+00
9.999999999999964473e-02,-1.388508374535154521e-01,-1.311896793384675064e+01,5.243561729732529209e+00,7.736555366666738820e+00
1.250000000000000000e-01,-2.575628629966481009e-02,-1.300587338269285098e+01,5.243561729732529209e+00,7.736555366666738820e+00
1.500000000000003553e-01,8.629768734830539634e-02,-1.289277883153905435e+01,5.243561729732529209e+00,7.735514789160851556e+00
1.750000000000007105e-01,1.656313886122389722e-01,-1.277968428038516535e+01,5.243561729732529209e+00,7.701753939270922444e+00
1.999999999999992895e-01,1.393753518031992655e-01,-1.266658972923137227e+01,5.243561729732529209e+00,7.562403351307891874e+00
2.249999999999996447e-01,8.576031079501965360e-03,-1.255349517807740156e+01,5.243546372383326215e+00,7.318524836779547016e+00
2.500000000000000000e-01,-1.364423471283456868e-01,-1.244040062692360316e+01,5.243441065470920037e+00,7.060517214330291225e+00
2.750000000000003553e-01,-1.538968844662120805e-01,-1.232730607576972304e+01,5.242724559973705567e+00,6.930684631335785717e+00
3.000000000000007105e-01,-1.262089116154916368e-01,-1.221421152461591397e+01,5.240694114596428754e+00,6.847308498409860889e+00
3.249999999999992895e-01,-1.294293559450040432e-01,-1.210111697346202675e+01,5.237194350100268458e+00,6.734493267422654306e+00
3.499999999999996447e-01,-1.434887618758305949e-01,-1.198802242230821236e+01,5.232627795818670435e+00,6.611905864619576079e+00
3.750000000000000000e-01,-1.289884197180627967e-01,-1.187492787115434290e+01,5.227026641501788085e+00,6.518912809940346165e+00
4.000000000000003553e-01,-7.121210272328659663e-02,-1.176183332000048765e+01,5.219989015980700309e+00,6.470632201302484177e+00
4.250000000000007105e-01,-8.118046983655369253e-03,-1.164873876884666792e+01,5.207362281448681074e+00,6.433258440420318358e+00
4.499999999999992895e-01,1.537805515122936395e-02,-1.153564421769279846e+01,5.183245057130387856e+00,6.367777215719526041e+00
4.749999999999996447e-01,-3.360098107459630334e-03,-1.142254966653898407e+01,5.151582996990798691e+00,6.267606571446568964e+00
5.000000000000000000e-01,-3.825065318022030647e-02,-1.130945511538510395e+01,5.117405499715215633e+00,6.153798962495542035e+00
5.250000000000003553e-01,-6.062139504678565327e-02,-1.119636056423128423e+01,5.082552820691097928e+00,6.053186348499325575e+00
5.500000000000007105e-01,-7.421003972063111576e-02,-1.108326601307742365e+01,5.047316856626841819e+00,5.961739116735969901e+00
5.749999999999992895e-01,-9.265949951840085630e-02,-1.097017146192360393e+01,5.012115820431234603e+00,5.865396141979744904e+00
5.999999999999996447e-01,-1.006554749319407693e-01,-1.085707691076964743e+01,4.976896674810373788e+00,5.779524761032851288e+00
6.250000000000000000e-01,-9.015598068604233073e-02,-1.074398235961581882e+01,4.942056467060808700e+00,5.711769911874680972e+00
6.500000000000003553e-01,-6.928028126053197011e-02,-1.063088780846196357e+01,4.908369376250594662e+00,5.653238150956724439e+00
6.750000000000007105e-01,-5.073374689354409606e-02,-1.051779325730810655e+01,4.876175075580226448e+00,5.590884434840194039e+00
6.999999999999992895e-01,-3.989067997786341357e-02,-1.040469870615426373e+01,4.844927591766056807e+00,5.519880434415988191e+00
7.249999999999996447e-01,-3.848943151253008538e-02,-1.029160415500042802e+01,4.815064660967917298e+00,5.438050062525321415e+00
7.500000000000000000e-01,-4.278124141306145073e-02,-1.017850960384657988e+01,4.785389707852531593e+00,5.350338654586046516e+00
7.750000000000003553e-01,-5.635023012228432965e-02,-1.006541505269274062e+01,4.756261402112873959e+00,5.252803420462345940e+00
8.000000000000007105e-01,-6.688635444526816465e-02,-9.952320501538903130e+00,4.726886958255738236e+00,5.158547188842392828e+00
8.249999999999992895e-01,-6.815606344091686142e-02,-9.839225950385060315e+00,4.696945617481187440e+00,5.074124269467319870e+00
8.499999999999996447e-01,-5.878402283241646042e-02,-9.726131399231221053e+00,4.666049101199259752e+00,5.001298275203858168e+00
8.750000000000000000e-01,-4.629562766179064204e-02,-9.613036848077353369e+00,4.635250751542967507e+00,4.931490468876899236e+00
9.000000000000003553e-01,-4.127946467864951341e-02,-9.499942296923514107e+00,4.604509031672031405e+00,4.854153800577072353e+00
9.250000000000007105e-01,-4.062824607080394584e-02,-9.386847745769665963e+00,4.574532899720055390e+00,4.771686599982965404e+00
9.499999999999992895e-01,-4.109403084362291819e-02,-9.273753194615830253e+00,4.544510508255642733e+00,4.688148655520627095e+00
9.749999999999996447e-01,-3.978761060856772502e-02,-9.160658643461891515e+00,4.513263235377249494e+00,4.607607797480129719e+00
1.000000000000000000e+00,-4.340345413017532988e-02,-9.047564092308054029e+00,4.481570013169609012e+00,4.522590625012190557e+00
1.025000000000000355e+00,-4.654931079471276434e-02,-8.934469541154207661e+00,4.449487526499236623e+00,4.438432703864045870e+00
1.050000000000000711e+00,-4.588197088569744009e-02,-8.821374990000339977e+00,4.418114062483352811e+00,4.357378956634974543e+00
1.074999999999999289e+00,-3.795441050954796725e-02,-8.708280438846502491e+00,4.387486962136414981e+00,4.282839066204089384e+00
1.099999999999999645e+00,-3.374590056810781308e-02,-8.595185887692661453e+00,4.356247055450678474e+00,4.205192931677290247e+00
1.125000000000000000e+00,-3.178290093144828243e-02,-8.482091336538816861e+00,4.324672585333603436e+00,4.125635850277046934e+00
1.150000000000000355e+00,-3.365322001568608196e-02,-8.368996785384977599e+00,4.292041554692941574e+00,4.043302010679493463e+00
1.175000000000000711e+00,-3.051118458472633008e-02,-8.255902234231138337e+00,4.258003290130653262e+00,3.967387759518782531e+00
1.200000000000001066e+00,-2.744714975340043286e-02,-8.142807683077293746e+00,4.222335584119616847e+00,3.893024949207220864e+00
1.224999999999999645e+00,-2.633753622714354869e-02,-8.029713131923454483e+00,4.185729088814645671e+00,3.817646506884540436e+00
1.250000000000000000e+00,-2.664908962361575012e-02,-7.916618580769579694e+00,4.147446453548957912e+00,3.742523037599843061e+00
1.275000000000000355e+00,-2.612074929511797039e-02,-7.803524029615740432e+00,4.107804942548499483e+00,3.669598337774888197e+00
1.300000000000000711e+00,-2.581961068308522012e-02,-7.690429478461893176e+00,4.066447636800208265e+00,3.598162230981297061e+00
1.325000000000001066e+00,-2.585498741169044851e-02,-7.577334927307978418e+00,4.022859448647725600e+00,3.528620491251247770e+00
1.349999999999999645e+00,-2.111943835233421815e-02,-7.464240376154143597e+00,3.976303676104010254e+00,3.466817261700402941e+00
1.375000000000000000e+00,-1.861405249988868499e-02,-7.351145825000304335e+00,3.927382096774486353e+00,3.405149675728442737e+00
1.400000000000000355e+00,-2.128398213171798711e-02,-7.238051273846458855e+00,3.875899806789771418e+00,3.340867484927399822e+00
1.425000000000000711e+00,-2.377232972986210308e-02,-7.124956722692578737e+00,3.822109728126250605e+00,3.279074664838858233e+00
1.450000000000001066e+00,-2.224172342825923160e-02,-7.011862171538739474e+00,3.765935445511438218e+00,3.223685002601361038e+00
1.474999999999999645e+00,-2.193402461290844957e-02,-6.898767620384893107e+00,3.707304466189679459e+00,3.169529129584573113e+00
1.500000000000000000e+00,-1.715708067868115111e-02,-6.785673069231054733e+00,3.647278055058912560e+00,3.121237933495665917e+00
1.525000000000000355e+00,-1.464915891763172995e-02,-6.672578518077213694e+00,3.585481369022646803e+00,3.072447990139079987e+00
1.550000000000000711e+00,-1.764667873061416883e-02,-6.559483966923375320e+00,3.520156311563020779e+00,3.021680976631826887e+00
1.575000000000001066e+00,-2.134598577273301434e-02,-6.446389415769527176e+00,3.452573098714723621e+00,2.972470331284107203e+00
1.599999999999999645e+00,-1.938806948118468321e-02,-6.333294864615687914e+00,3.383120237166221234e+00,2.930786557970255668e+00
1.625000000000000000e+00,-2.077554728766684358e-02,-6.220200313461801578e+00,3.311709071839352703e+00,2.887715694336744132e+00
1.650000000000000355e+00,-1.954967178992422436e-02,-6.107105762307956986e+00,3.238182402286426953e+00,2.849373688233519886e+00
1.675000000000000711e+00,-2.143305876614961386e-02,-5.994011211154107954e+00,3.163119273527248421e+00,2.809458878862577613e+00
1.700000000000001066e+00,-1.888642527371314772e-02,-5.880916660000245599e+00,3.087161661724664885e+00,2.774868573003713479e+00
1.724999999999999645e+00,-1.654484884074908582e-02,-5.767822108846399232e+00,3.010562690373487005e+00,2.740714569633968090e+00
1.750000000000000000e+00,-1.985479952140033547e-02,-5.654727557692551976e+00,2.933568308944315639e+00,2.701304449228587146e+00
1.775000000000000355e+00,-2.459331235022722828e-02,-5.541633006538712714e+00,2.857798910564118611e+00,2.659240783626063198e+00
1.800000000000000711e+00,-2.894928006122363465e-02,-5.428538455384821049e+00,2.782886665671730597e+00,2.616702509653564768e+00
1.825000000000001066e+00,-2.726869954761726444e-02,-5.315443904230980898e+00,2.708460406054008729e+00,2.579714798631004058e+00
1.849999999999999645e+00,-2.236844048519362471e-02,-5.202349353077131866e+00,2.634755465643398686e+00,2.545225446950150072e+00
1.875000000000000000e+00,-2.437406497199197386e-02,-5.089254801923290827e+00,2.562289991751692142e+00,2.502590745201160427e+00
1.900000000000000355e+00,-2.666777289086336156e-02,-4.976160250769451565e+00,2.490381030146781693e+00,2.459111447733303812e+00
1.925000000000000711e+00,-2.804467756834421593e-02,-4.863065699615609638e+00,2.418668688298325264e+00,2.416352333750384496e+00
1.950000000000001066e+00,-2.581296421704835919e-02,-4.749971148461753501e+00,2.348204574174981296e+00,2.375953610071139366e+00
1.974999999999999645e+00,-2.223797016018774428e-02,-4.636876597307915127e+00,2.278648540606262429e+00,2.335990086542842459e+00
2.000000000000000000e+00,-2.268340004760232079e-02,-4.523782046154022574e+00,2.211067719835583922e+00,2.290030926272220491e+00
2.025000000000000355e+00,-2.853209587651240470e-02,-4.410687495000169989e+00,2.145594427902810519e+00,2.236560971222187444e+00
2.050000000000000711e+00,-3.280941472809904835e-02,-4.297592943846328062e+00,2.082148785716342765e+00,2.182634743403182309e+00
2.075000000000001066e+00,-2.761233709846972958e-02,-4.184498392692488800e+00,2.020203433940564341e+00,2.136682621654696135e+00
2.099999999999999645e+00,-1.860754696449457707e-02,-4.071403841538646873e+00,1.959871324260681558e+00,2.092924970314680166e+00
2.125000000000000000e+00,-1.533202921844754353e-02,-3.958309290384789847e+00,1.900581131811222457e+00,2.042396129356309320e+00
2.150000000000000355e+00,-1.724711610424278438e-02,-3.845214739230946144e+00,1.842302518299486991e+00,1.985665104828367333e+00
2.175000000000000711e+00,-1.865484985499065232e-02,-3.732120188077071798e+00,1.784534350861502805e+00,1.928930987361719085e+00
2.200000000000001066e+00,-1.809101987236184234e-02,-3.619025636923207667e+00,1.727515768830987231e+00,1.873418848220977484e+00
2.224999999999999645e+00,-1.394222082370733320e-02,-3.505931085769370625e+00,1.671244529123490308e+00,1.820744335823251792e+00
2.250000000000000000e+00,-1.488357063412317285e-02,-3.392836534615527366e+00,1.615777370255542689e+00,1.762175593726900580e+00
2.275000000000000355e+00,-2.118173915078696429e-02,-3.279741983461688104e+00,1.560697064305095472e+00,1.697863180006788264e+00
2.300000000000000711e+00,-2.333501894739057475e-02,-3.166647432307819976e+00,1.505635434539184470e+00,1.637676978822210305e+00
2.325000000000001066e+00,-1.834163453339250974e-02,-3.053552881153974052e+00,1.451741333624664065e+00,1.583469912996849249e+00
2.349999999999999645e+00,-1.074328952791364991e-02,-2.940458330000134346e+00,1.398462380649063697e+00,1.531252659824055007e+00
2.375000000000000000e+00,-1.139734635112998537e-02,-2.827363778846282205e+00,1.345670665521633724e+00,1.470295766974392127e+00
2.400000000000000355e+00,-1.026111190794799267e-02,-2.714269227692410524e+00,1.293385714672028008e+00,1.410622401113307944e+00
2.425000000000000711e+00,-1.333680617440349478e-02,-2.601174676538564601e+00,1.241452104122437783e+00,1.346385766242550464e+00
2.450000000000001066e+00,-1.486827217463609560e-02,-2.488080125384725338e+00,1.189921421498787879e+00,1.283290431712078794e+00
2.474999999999999645e+00,-1.134950954992001299e-02,-2.374985574230887408e+00,1.139070143872672913e+00,1.224565920809016939e+00
2.500000000000000000e+00,-1.132992771000328365e-02,-2.261891023077012175e+00,1.087968150389597044e+00,1.162592944978114051e+00
2.525000000000000355e+00,-1.138445240644520018e-02,-2.148796471923164031e+00,1.035862841821919789e+00,1.101549177695455572e+00
2.550000000000000711e+00,-5.398121892508992575e-03,-2.035701920769323436e+00,9.829779223473277261e-01,1.047325876530098565e+00
2.575000000000001066e+00,-4.018821778503423731e-03,-1.922607369615473072e+00,9.297416841980825630e-01,9.888468636394531774e-01
2.599999999999999645e+00,-5.222113560101402339e-03,-1.809512818461614270e+00,8.759681892997792652e-01,9.283225156022774094e-01
2.625000000000000000e+00,-8.956963105328875907e-03,-1.696418267307763683e+00,8.220060623922892384e-01,8.654552418106599143e-01
2.650000000000000355e+00,-1.122447171500459001e-02,-1.583323716153921978e+00,7.675387301247241778e-01,8.045605143146556948e-01
2.675000000000000711e+00,-1.362457585705750297e-02,-1.470229165000066951e+00,7.125405711686346732e-01,7.440640179748025940e-01
2.700000000000001066e+00,-1.099843134555063620e-02,-1.357134613846201709e+00,6.571889869241904769e-01,6.889471955768684541e-01
2.724999999999999645e+00,-1.179141730681521581e-02,-1.244040062692363557e+00,6.016443095341790226e-01,6.306043358517374742e-01
2.750000000000000000e+00,-8.151726925889751785e-03,-1.130945511538519188e+00,5.453925377414832187e-01,5.774012468714795343e-01
2.775000000000000355e+00,-5.365045624565774676e-03,-1.017850960384663495e+00,4.886947668237727749e-01,5.237911479366261780e-01
2.800000000000000711e+00,-4.840038842736179084e-03,-9.047564092308014727e-01,4.327739809492577860e-01,4.671423894390743792e-01
2.825000000000001066e+00,-7.500410696591861340e-03,-7.916618580769539948e-01,3.772147491704058719e-01,4.069466982101834773e-01
2.849999999999999645e+00,-9.793545796796731748e-03,-6.785673069231122900e-01,3.217353943049043874e-01,3.470383668216052153e-01
2.875000000000000000e+00,-1.074912115987150009e-02,-5.654727557692504902e-01,2.669395628866751413e-01,2.877840717228696277e-01
2.900000000000000355e+00,-1.043867404729084507e-02,-4.523782046154005143e-01,2.127856347300688400e-01,2.291538958381697522e-01
2.925000000000000711e+00,-8.183009815852926652e-03,-3.392836534615502608e-01,1.589666141143551981e-01,1.721340295314398583e-01
2.950000000000001066e+00,-4.269761427492084656e-03,-2.261891023077003127e-01,1.056011580114742943e-01,1.163181828687948616e-01
2.974999999999999645e+00,-7.092710438923537607e-04,-1.130945511538504478e-01,5.231332572195942360e-02,6.007195438803750870e-02
3.000000000000000000e+00,0.000000000000000000e+00,0.000000000000000000e+00,0.000000000000000000e+00,0.000000000000000000e+00
3.025000000000000355e+00,3.457162119374206002e-03,1.130945511538503506e-01,-5.188719500283903163e-02,-5.775019403167427900e-02
3.050000000000000711e+00,2.211783553182793127e-03,2.261891023077002294e-01,-1.036228598435429971e-01,-1.203544589110497054e-01
3.075000000000001066e+00,5.325885669957503357e-03,3.392836534615591426e-01,-1.558567513242445912e-01,-1.781010164674612928e-01
3.099999999999999645e+00,6.064255964509731797e-03,4.523782046154005143e-01,-2.083231528543894040e-01,-2.379907957966567178e-01
3.125000000000000000e+00,8.164605806091376067e-03,5.654727557692504902e-01,-2.605871621971170837e-01,-2.967209877662422834e-01
3.150000000000000355e+00,1.318746389400715126e-02,6.785673069231006327e-01,-3.130190878990641856e-01,-3.523607551302594398e-01
3.175000000000000711e+00,1.450336725711454111e-02,7.916618580769633207e-01,-3.652595572719308792e-01,-4.118989335481782477e-01
3.200000000000001066e+00,4.237869551703933417e-03,9.047564092308093553e-01,-4.165351503918257037e-01,-4.839833892875924914e-01
3.224999999999999645e+00,-3.761525546211700807e-03,1.017850960384656611e+00,-4.672949852868812926e-01,-5.543175006443543662e-01
3.250000000000000000e+00,-8.383236945740672047e-03,1.130945511538501203e+00,-5.179952254596065231e-01,-6.213335230250582875e-01
3.275000000000000355e+00,-3.149789229165552915e-03,1.244040062692363335e+00,-5.689220196565911714e-01,-6.782678322653916680e-01
3.300000000000000711e+00,8.443688761624551162e-03,1.357134613846215254e+00,-6.203052223620687533e-01,-7.283857027230123959e-01
3.325000000000001066e+00,1.781530052204058703e-02,1.470229165000066951e+00,-6.716352870287245480e-01,-7.807785774498344766e-01
3.349999999999999645e+00,2.135887515231921219e-02,1.583323716153908878e+00,-7.226309596624496123e-01,-8.393338813397219766e-01
3.375000000000000000e+00,2.228724970749393006e-02,1.696418267307763239e+00,-7.739487893556202813e-01,-9.001822282452672797e-01
3.400000000000000355e+00,1.630530708551469060e-02,1.809512818461614270e+00,-8.257298481750847685e-01,-9.674776632016933720e-01
3.425000000000000711e+00,7.959228215482576710e-03,1.922607369615473072e+00,-8.774294877137355231e-01,-1.037218653686990066e+00
3.450000000000001066e+00,2.433799862879120965e-03,2.035701920769323436e+00,-9.286426597274759498e-01,-1.104625461179768120e+00
3.474999999999999645e+00,2.719307924586893827e-03,2.148796471923164031e+00,-9.801436157261573801e-01,-1.165933548273288878e+00
3.500000000000000000e+00,1.205552876952660502e-02,2.261891023077012175e+00,-1.032369180106683881e+00,-1.217466314201713695e+00
3.525000000000000355e+00,2.074428059915011530e-02,2.374985574230876750e+00,-1.085006173900469717e+00,-1.269235119732207595e+00
3.550000000000000711e+00,2.095480919355699467e-02,2.488080125384724894e+00,-1.138008698834621857e+00,-1.329116617357574803e+00
3.575000000000001066e+00,2.294732874473614029e-02,2.601174676538572150e+00,-1.192234306742413708e+00,-1.385993041052523411e+00
3.599999999999999645e+00,2.204221506980841294e-02,2.714269227692410968e+00,-1.246933838568946351e+00,-1.445293174054819829e+00
3.625000000000000000e+00,2.452612030057428963e-02,2.827363778846274656e+00,-1.302391690606747643e+00,-1.500445967940145842e+00
3.650000000000000355e+00,2.724780372448450463e-02,2.940458330000118359e+00,-1.359024332148256020e+00,-1.554186194128626131e+00
3.675000000000000711e+00,3.014801672782272540e-02,3.053552881153980270e+00,-1.416724000574533626e+00,-1.606680863852911756e+00
3.700000000000001066e+00,3.046374453124481296e-02,3.166647432307843957e+00,-1.475668796326730314e+00,-1.660514891451217112e+00
3.724999999999999645e+00,3.120133703528444463e-02,3.279741983461681887e+00,-1.535424804343167082e+00,-1.713115842084651952e+00
3.750000000000000000e+00,2.589271773239087276e-02,3.392836534615525590e+00,-1.596918464021354955e+00,-1.770025352863286550e+00
3.775000000000000355e+00,2.091131738012218244e-02,3.505931085769371514e+00,-1.659911053634417266e+00,-1.825108714756411565e+00
3.800000000000000711e+00,2.650308132601051497e-02,3.619025636923228539e+00,-1.723413435392814996e+00,-1.869109120206022601e+00
3.825000000000001066e+00,3.130072876206456411e-02,3.732120188077071354e+00,-1.787868094277961450e+00,-1.912951365038721541e+00
3.849999999999999645e+00,4.178239631211291827e-02,3.845214739230946144e+00,-1.853417379956669775e+00,-1.950014962963849241e+00
3.875000000000000000e+00,4.425457466866419831e-02,3.958309290384789847e+00,-1.920390864990949131e+00,-1.993663850726911102e+00
3.900000000000000355e+00,3.649414891315512499e-02,4.071403841538646873e+00,-1.988222999240903732e+00,-2.046686693386360112e+00
3.925000000000000711e+00,2.810483379022940195e-02,4.184498392692488800e+00,-2.057090410390531421e+00,-2.099303148513556483e+00
3.950000000000001066e+00,2.726729317834430955e-02,4.297592943846332503e+00,-2.126650018118184882e+00,-2.143675632551671040e+00
3.974999999999999645e+00,3.422144352784409899e-02,4.410687495000169989e+00,-2.196208669866452023e+00,-2.180257381607806799e+00
4.000000000000000000e+00,4.189052929386657964e-02,4.523782046154023462e+00,-2.266541374803139774e+00,-2.215350142058993832e+00
4.025000000000000355e+00,4.332319564842369852e-02,4.636876597307873382e+00,-2.337968187624325456e+00,-2.255585214037139963e+00
4.049999999999998934e+00,4.242253551745501366e-02,4.749971148461753501e+00,-2.410287780804166502e+00,-2.297260832142157039e+00
4.075000000000001066e+00,4.590363340843003209e-02,4.863065699615610527e+00,-2.483322094894413024e+00,-2.333839971314831896e+00
4.099999999999999645e+00,4.715660824293040065e-02,4.976160250769450677e+00,-2.556829971202402074e+00,-2.372173671326218258e+00
4.125000000000000000e+00,4.700828337545143176e-02,5.089254801923289051e+00,-2.631116249770288462e+00,-2.411130268779697161e+00
4.150000000000000355e+00,4.556460422128051635e-02,5.202349353077131866e+00,-2.705652573775716441e+00,-2.451132175082325837e+00
4.174999999999998934e+00,5.393716393635848705e-02,5.315443904230980898e+00,-2.780958399485531363e+00,-2.480548340811304264e+00
4.200000000000001066e+00,6.145969660182735994e-02,5.428538455384823713e+00,-2.856941991569709849e+00,-2.510136767215541909e+00
4.224999999999999645e+00,5.974107826185290349e-02,5.541633006538710049e+00,-2.934025123211908337e+00,-2.547866805067179108e+00
4.250000000000000000e+00,5.273246132840203604e-02,5.654727557692552864e+00,-3.012216993584904579e+00,-2.589778102781518321e+00
4.275000000000000355e+00,4.753939377165541935e-02,5.767822108846400120e+00,-3.092396325780905286e+00,-2.627886389296138603e+00
4.299999999999998934e+00,4.727368209755471173e-02,5.880916660000236718e+00,-3.173937226137792056e+00,-2.659705751767209581e+00
4.325000000000001066e+00,5.022204975355405721e-02,5.994011211154108842e+00,-3.257600275071180995e+00,-2.686188886331690284e+00
4.349999999999999645e+00,5.328286656900531326e-02,6.107105762307957875e+00,-3.343032740584865437e+00,-2.710790155156417747e+00
4.375000000000000000e+00,5.636932307200860637e-02,6.220200313461801578e+00,-3.429770069439541214e+00,-2.734060920952608331e+00
4.400000000000000355e+00,6.030807462048679013e-02,6.333294864615686137e+00,-3.518191037678542799e+00,-2.754795752319005864e+00
4.424999999999998934e+00,6.487991052897897071e-02,6.446389415769523623e+00,-3.606926196987786604e+00,-2.774583308255137659e+00
4.450000000000001066e+00,6.308412371016897113e-02,6.559483966923376208e+00,-3.697130608167571886e+00,-2.799269235048030602e+00
4.474999999999999645e+00,5.830361536578252540e-02,6.672578518077213694e+00,-3.788289146265738871e+00,-2.825985756448108788e+00
4.500000000000000000e+00,5.127980790520168808e-02,6.785673069231052956e+00,-3.880250786804593677e+00,-2.854142474523690964e+00
4.525000000000000355e+00,4.966204043495518750e-02,6.898767620384892219e+00,-3.972002936750197222e+00,-2.877102643202194443e+00
4.549999999999998934e+00,4.667858283960071852e-02,7.011862171538739474e+00,-4.063709781133450605e+00,-2.901473807568149432e+00
4.575000000000001066e+00,4.225197490041826542e-02,7.124956722692590283e+00,-4.155050171850720453e+00,-2.927654575943934745e+00
4.599999999999999645e+00,4.014629378305203944e-02,7.238051273846455302e+00,-4.245340786215669127e+00,-2.952564193850206742e+00
4.625000000000000000e+00,4.348191817538569343e-02,7.351145825000294565e+00,-4.334725089215996086e+00,-2.972938817611405771e+00
4.650000000000000355e+00,4.930559158744652476e-02,7.464240376154143597e+00,-4.423346950395098176e+00,-2.991587834174107563e+00
4.674999999999998934e+00,5.404486697028770825e-02,7.577334927307978418e+00,-4.510631463464934932e+00,-3.012658596875275041e+00
4.700000000000001066e+00,5.404953611326851481e-02,7.690429478461893176e+00,-4.596133446955496638e+00,-3.040246495395604764e+00
4.724999999999999645e+00,5.456310968638600906e-02,7.803524029615730662e+00,-4.679859654599574981e+00,-3.069101265332257356e+00
4.750000000000000000e+00,4.940281173258667669e-02,7.916618580769579694e+00,-4.761923850333550590e+00,-3.105291918705914700e+00
4.775000000000000355e+00,4.409510050477298548e-02,8.029713131923454483e+00,-4.842041250016614562e+00,-3.143576781404518350e+00
4.800000000000000711e+00,3.655151706048448412e-02,8.142807683077293746e+00,-4.920561571608441653e+00,-3.185694594410845237e+00
4.825000000000001066e+00,3.418797609013631000e-02,8.255902234231141890e+00,-4.997089773017738601e+00,-3.224624485125754170e+00
4.849999999999999645e+00,3.932736950240676987e-02,8.368996785384977599e+00,-5.071941760472946648e+00,-3.257727655412132606e+00
4.875000000000000000e+00,4.680529694646870520e-02,8.482091336538816861e+00,-5.145407010861018371e+00,-3.289879028733850852e+00
4.900000000000000355e+00,5.292063050231710086e-02,8.595185887692656124e+00,-5.217252264436387676e+00,-3.325012992756474439e+00
4.925000000000000711e+00,5.716879939240052111e-02,8.708280438846502491e+00,-5.287228443940731104e+00,-3.363883195515880775e+00
4.950000000000001066e+00,5.442239670319375805e-02,8.821374990000371952e+00,-5.356179119841057101e+00,-3.410773473458598826e+00
4.974999999999999645e+00,5.096592052693367514e-02,8.934469541154207661e+00,-5.424012783366551460e+00,-3.459490837263205609e+00
5.000000000000000000e+00,4.710475507798095318e-02,9.047564092308045147e+00,-5.490921949142476777e+00,-3.509537388090092414e+00
5.025000000000000355e+00,4.275244503412472391e-02,9.160658643461891515e+00,-5.558064394039684331e+00,-3.559841804390612374e+00
5.050000000000000711e+00,4.362792366724738830e-02,9.273753194615830253e+00,-5.624303121944160821e+00,-3.605822149006886690e+00
5.075000000000001066e+00,4.620084625425671665e-02,9.386847745769669515e+00,-5.690224237644532224e+00,-3.650422661873383490e+00
5.099999999999999645e+00,4.980688737701617630e-02,9.499942296923507001e+00,-5.756360312535907298e+00,-3.693775097013118014e+00
5.125000000000000000e+00,5.576729737905755657e-02,9.613036848077353369e+00,-5.821961275120562718e+00,-3.735308275580322857e+00
5.150000000000000355e+00,6.240568959312707553e-02,9.726131399231221053e+00,-5.886081029735320769e+00,-3.777644679905405312e+00
5.175000000000000711e+00,6.975784245582500320e-02,9.839225950385060315e+00,-5.948370017341439997e+00,-3.821098090590504981e+00
5.200000000000001066e+00,6.984437322149397720e-02,9.952320501538903130e+00,-6.008183924422253241e+00,-3.874292203897907072e+00
5.224999999999999645e+00,5.728282221789671169e-02,1.006541505269274062e+01,-6.065757161112756535e+00,-3.942375069364808304e+00
5.250000000000000000e+00,3.908838454426139669e-02,1.017850960384657988e+01,-6.119570031675116262e+00,-4.019851187629815747e+00
5.275000000000000355e+00,2.685389534177590187e-02,1.029160415500041914e+01,-6.170410831961026688e+00,-4.094339427700101730e+00
5.300000000000000711e+00,2.638738112100955102e-02,1.040469870615426018e+01,-6.218169632957238235e+00,-4.160141692078378917e+00
5.325000000000001066e+00,3.793004455461532198e-02,1.051779325730813319e+01,-6.262912964610425348e+00,-4.216950248145398206e+00
5.349999999999999645e+00,5.128720867562877594e-02,1.063088780846196357e+01,-6.305123904374745791e+00,-4.274476695413958360e+00
5.375000000000000000e+00,6.971279149696935074e-02,1.074398235961581349e+01,-6.345667437949185086e+00,-4.328602130172464868e+00
5.400000000000000355e+00,8.508139466706457488e-02,1.085707691076964387e+01,-6.384485286333988263e+00,-4.387510229771375947e+00
5.425000000000000711e+00,9.256000999155777897e-02,1.097017146192360393e+01,-6.419941332575051618e+00,-4.457670119359418592e+00
5.450000000000001066e+00,8.170850983631061659e-02,1.108326601307742543e+01,-6.448817878174363472e+00,-4.552739625068689122e+00
5.474999999999999645e+00,4.335984477214283039e-02,1.119636056423128423e+01,-6.471094942475279055e+00,-4.681905776985842316e+00
5.500000000000000000e+00,-4.685775973770567315e-03,1.130945511538510040e+01,-6.489801982803557578e+00,-4.824338908557656680e+00
5.525000000000000355e+00,-3.608346678789514650e-02,1.142254966653898407e+01,-6.506328622217273150e+00,-4.952304511111951690e+00
5.550000000000000711e+00,-3.257046864219159676e-02,1.153564421769279846e+01,-6.521517311604116074e+00,-5.046697374733350117e+00
5.575000000000001066e+00,1.601576190864095750e-02,1.164873876884666792e+01,-6.534104681796488734e+00,-5.098618325143762675e+00
5.599999999999999645e+00,9.533268618168855291e-02,1.176183332000047521e+01,-6.543861565620731291e+00,-5.122639068200298240e+00
5.625000000000000000e+00,1.648638615076293834e-01,1.187492787115434290e+01,-6.551901825781366817e+00,-5.158162183867839090e+00
5.650000000000000355e+00,1.946718121969439053e-01,1.198802242230821768e+01,-6.559329782731659009e+00,-5.234020827382099839e+00
5.675000000000000711e+00,1.934888088497899172e-01,1.210111697346202320e+01,-6.564423870936186844e+00,-5.343204293678591732e+00
5.700000000000001066e+00,1.722131727597510098e-01,1.221421152461591575e+01,-6.566585912030045158e+00,-5.475412439828638789e+00
5.724999999999999645e+00,1.143281456408384855e-01,1.232730607576972304e+01,-6.566895325798141059e+00,-5.646082604332888444e+00
5.750000000000000000e+00,-6.084966729952290265e-04,1.244040062692360316e+01,-6.566928148522961806e+00,-5.874080975076155120e+00
5.775000000000000355e+00,-9.650674602512832045e-02,1.255349517807740156e+01,-6.566930009354932984e+00,-6.083071914750179943e+00
5.800000000000000711e+00,-1.127678477297461845e-01,1.266658972923137227e+01,-6.566930009354932984e+00,-6.212427567608472145e+00
5.825000000000001066e+00,-4.964373628889201528e-02,1.277968428038516535e+01,-6.566930009354932984e+00,-6.262398007321407611e+00
5.849999999999999645e+00,5.480301157868411321e-02,1.289277883153905435e+01,-6.566930009354932984e+00,-6.271045810607679627e+00
5.875000000000000000e+00,1.677003016986409745e-01,1.300587338269284388e+01,-6.566930009354932984e+00,-6.271243071641594113e+00
5.900000000000000355e+00,2.807948528524928378e-01,1.311896793384675064e+01,-6.566930009354932984e+00,-6.271243071641610101e+00
5.925000000000000711e+00,3.938894040063449786e-01,1.323206248500054016e+01,-6.566930009354932984e+00,-6.271243071641619871e+00
5.950000000000001066e+00,5.069839551601968974e-01,1.334515703615443094e+01,-6.566930009354932984e+00,-6.271243071641642075e+00
5.974999999999999645e+00,6.200421630749372026e-01,1.345821524406915870e+01,-6.566930009354932984e+00,-6.271243071641650957e+00
6.000000000000000000e+00,7.142372439349675695e-01,1.355241032492918762e+01,-6.566930009354932984e+00,-6.271243071641665168e+00
