crossover_id,site_class,source_helix,destination_helix,bp,n_samples,n_valid,n_stable,valid_fraction,mean_azimuth_deg,mean_polar_deg,resultant_length,mean_vector_ih_ax_perp,mean_direction_ih_ax_perp
f9b2871b-2421-430b-a5a3-5a0e959f64cd,reciprocal_lower,h_XY_1_0,h_XY_2_0,34,509,506,484,0.9941060903732809,159.6776702565747,67.34042842164038,0.7666872398699452,"[-0.6634670612886566, 0.29537008881453347, 0.2457179134659978]","[-0.8653685972407756, 0.3852549950676598, 0.32049302595368545]"
0ac02136-e3f0-4ae3-8282-f1b335b094fc,reciprocal_upper,h_XY_2_0,h_XY_2_1,28,509,500,497,0.9823182711198428,-166.85617718776302,110.4736326702151,0.7643831175979355,"[-0.6973393829156124, -0.26736309156401034, -0.1628383025364333]","[-0.9122904036747864, -0.3497762907221127, -0.21303231166087322]"
536929b8-d7a1-47e2-b5dd-c5451e6081e6,reciprocal_lower,h_XY_2_1,h_XY_3_1,34,509,508,504,0.9980353634577603,143.6936604641783,66.79860825342206,0.7781532414555288,"[-0.5763697347239128, 0.3065645470951757, 0.4234838539382141]","[-0.7406892421932451, 0.3939642357869633, 0.5442165262282931]"
3a612d78-eaef-4381-8680-a1e2de1c210e,reciprocal_upper,h_XY_3_1,h_XY_3_2,28,509,509,509,1.0,-132.62819604015039,129.39915424062056,0.9067212503599739,"[-0.474515326441096, -0.5755133019564191, -0.5155221334705951]","[-0.523330986510695, -0.6347191065919507, -0.5685563598139226]"
103ece6f-67c3-4c86-b1e6-9b1fde77deaa,reciprocal_lower,h_XY_1_0,h_XY_2_0,76,509,509,509,1.0,154.59471132578452,67.72528784416866,0.7820225567907534,"[-0.6536841742405839, 0.29642391061490897, 0.3104660124598465]","[-0.8358891550688236, 0.37904777559277414, 0.3970039096236942]"
a37c0f40-d971-4185-883b-7074af3b81d5,reciprocal_upper,h_XY_2_0,h_XY_2_1,70,509,506,506,0.9941060903732809,-138.0935687005334,74.66126726529912,0.705905970264384,"[-0.5066470621871279, 0.18672980763075817, -0.4546910733390683]","[-0.717725991178928, 0.2645250436978483, -0.6441241362058068]"
3201b3a5-cfa9-4023-a894-00d1dbe6045f,reciprocal_lower,h_XY_2_1,h_XY_3_1,76,509,509,509,1.0,141.32100268851872,80.55358496050661,0.9545718898051722,"[-0.7350904550409102, 0.1566692316863916, 0.588476225141476]","[-0.7700734359472307, 0.1641251259958721, 0.6164818296310651]"
80bd169c-b4cb-4e0c-99aa-28c5d22887a2,reciprocal_upper,h_XY_3_1,h_XY_3_2,70,509,437,436,0.8585461689587426,-167.35311950503007,113.22040467021702,0.8003349923107631,"[-0.7176590120455166, -0.31554744920022143, -0.16103244905967173]","[-0.8966982812702707, -0.3942692150560088, -0.2012063081169694]"
8277b98a-5711-4c34-beeb-b0c446d874ce,reciprocal_lower,h_XY_1_0,h_XY_2_0,97,509,504,501,0.9901768172888016,142.69560163265166,110.42556879378718,0.8943292305148667,"[-0.6666469215386241, -0.3121122118964757, 0.5079297409499453]","[-0.745415557036903, -0.34899028372000346, 0.5679449173963925]"
a0b9880e-f97f-4f88-a67f-433cd2db6b92,reciprocal_upper,h_XY_2_0,h_XY_2_1,91,509,497,496,0.9764243614931237,-142.83773545754642,29.71621440015477,0.8440373814412995,"[-0.3334291509113545, 0.7330390952216332, -0.2527405536700992]","[-0.3950407390037423, 0.868491267495614, -0.2994423697662692]"
ef4a9240-3ea5-4fe0-ab54-ecf73a6b3e93,reciprocal_lower,h_XY_2_1,h_XY_3_1,97,509,509,509,1.0,166.8732519507304,59.91563683001985,0.921293114375672,"[-0.7763537334884684, 0.46182084329238293, 0.18104527553972122]","[-0.8426783196079525, 0.5012746064050883, 0.1965121335595884]"
348ecb0f-584c-4018-88d3-90def7a83393,reciprocal_upper,h_XY_3_1,h_XY_3_2,91,509,454,403,0.8919449901768173,-139.025491974668,81.02390985957557,0.7014507393624443,"[-0.5231106071433486, 0.1094419460369963, -0.4543246558287061]","[-0.7457553008195688, 0.15602228338438875, -0.6476928889427737]"
24631961-6da3-4264-a3d6-e14c9939f67b,reciprocal_lower,h_XY_1_0,h_XY_2_0,118,509,506,506,0.9941060903732809,143.512613336102,124.82802242686381,0.7225114513401841,"[-0.47683547999844594, -0.4126372070318491, 0.35267727131941157]","[-0.6599694428565324, -0.5711151100324426, 0.48812689496509937]"
0108b201-9852-4ac1-8bce-b59610bc26dd,reciprocal_upper,h_XY_2_0,h_XY_2_1,112,509,504,504,0.9901768172888016,-153.74457754302878,117.28948650128311,0.8922844251956982,"[-0.7111639266797477, -0.4091003540066401, -0.3507909137761434]","[-0.7970148380924316, -0.4584864897949049, -0.3931379993539695]"
22269d2b-41d5-4782-b6e7-5f16c3680ed1,reciprocal_lower,h_XY_2_1,h_XY_3_1,118,509,502,472,0.9862475442043221,152.3707172216468,94.68924652843255,0.8293186812814729,"[-0.7322893308747624, -0.06779800869593898, 0.38330828457822214]","[-0.8830011277971219, -0.08175145481008182, 0.4621966117849048]"
a93b29a9-82af-4a13-b4e8-af398f01284b,reciprocal_upper,h_XY_3_1,h_XY_3_2,112,509,509,509,1.0,-124.5579244143719,133.27642938922926,0.9602276063336074,"[-0.396555928612918, -0.6582541727105103, -0.5757446444008987]","[-0.41298117862604383, -0.6855189002781245, -0.5995918473946378]"
358432c8-6cc6-4625-b45b-784fe6aad417,reciprocal_lower,h_XY_1_2,h_XY_2_2,76,509,509,509,1.0,177.83399387184213,85.07817697534978,0.9724107212101283,"[-0.9681329315892724, 0.08342934751379018, 0.03661668294898232]","[-0.9956008407481025, 0.08579640854840177, 0.037655573051903674]"
01720011-b376-498c-9bec-add33c7fe24a,reciprocal_upper,h_XY_2_2,h_XY_2_3,70,509,509,509,1.0,-172.2005840142907,55.746395568064194,0.9210266948018974,"[-0.7542361954701822, 0.5184062548313131, -0.10330967492033]","[-0.8189080726182535, 0.5628569266852972, -0.11216794855500986]"
a4ad0c7a-b103-4647-b696-e6e5f6ae9634,reciprocal_lower,h_XY_2_3,h_XY_3_3,76,509,509,509,1.0,143.71324750471214,48.69387431360118,0.87099047936139,"[-0.5273942711160406, 0.5749251240007729, 0.3872218998518292]","[-0.6055109482973063, 0.6600819843889774, 0.44457650115273384]"
7fc2a0f9-b070-4c08-bfbc-ccc3ed78db20,reciprocal_upper,h_XY_3_3,h_XY_3_4,70,509,509,509,1.0,-144.12031387978223,45.256144040169325,0.692249917608677,"[-0.39838186683510346, 0.487301413332977, -0.2881651768862455]","[-0.575488500181094, 0.7039385645813024, -0.41627332782023213]"
98d68dcd-4c9f-46a1-905f-3ad5e7cbb42b,reciprocal_lower,h_XY_1_4,h_XY_2_4,76,509,509,509,1.0,142.65623862760074,72.44138322957347,0.879137725825257,"[-0.6663599591364725, 0.2652194537426439, 0.5084350373305296]","[-0.7579699284443203, 0.3016813474745146, 0.5783337722803963]"
6adebd25-be98-49ac-b6c8-de92ae92fc0f,reciprocal_upper,h_XY_2_4,h_XY_2_5,70,509,509,509,1.0,-175.2339553208475,99.52522411447002,0.860010160170408,"[-0.8452203860506257, -0.14231602590145687, -0.0704707270600914]","[-0.9828027914032413, -0.16548179602117427, -0.08194173781171128]"
1586d05a-2974-4801-8c0d-f1ae25cf1522,reciprocal_lower,h_XY_2_5,h_XY_3_5,76,509,486,466,0.9548133595284872,155.9826840796292,81.8522555879576,0.8857730571723096,"[-0.8009180491704938, 0.1255372200954885, 0.35688176430858304]","[-0.9042023153507266, 0.14172616685389622, 0.4029042895568213]"
5e7c1d93-dbdf-4c27-a393-c9ae9a70dfe4,reciprocal_lower,h_XY_1_6,h_XY_1_5,6,509,508,508,0.9980353634577603,-19.924461133811043,125.22258224769772,0.5409953159313442,"[0.4154947779172143, -0.31202139446061417, -0.15060767172369907]","[0.7680191781363653, -0.5767543364464393, -0.27838997360711376]"
c0549105-d759-41f1-9a3d-9a1c7399c14e,unpaired,h_XY_1_5,h_XY_1_4,0,509,480,470,0.9430255402750491,-40.125379470188086,38.92224756225614,0.6769008594593791,"[0.3251792414500694, 0.5266283650932463, -0.27407261728603616]","[0.4803941920088276, 0.7779992560710426, -0.4048932919141659]"
046a3408-0803-4a19-87e4-8ae7ae5b5355,reciprocal_lower,h_XY_1_4,h_XY_1_3,6,509,509,509,1.0,-4.201035936214013,68.67533461299608,0.9007264908934588,"[0.836803618833404, 0.3275512444304998, -0.06146622793529912]","[0.9290318729310962, 0.36365228262087806, -0.0682407240785478]"
50830302-dd5d-4337-9c0c-2a8d5eb69b9b,unpaired,h_XY_1_3,h_XY_1_2,0,509,509,509,1.0,22.199776599114585,71.88871494711212,0.5480589531024534,"[0.4822914864871296, 0.17037160024392412, 0.19681731623034768]","[0.879999284305042, 0.31086363844525144, 0.35911705322247495]"
b79ecc85-5bc0-4259-b3e1-6df4c9b2815b,reciprocal_lower,h_XY_1_2,h_XY_1_1,6,509,456,435,0.8958742632612967,16.101713577580846,88.07020570128255,0.7678094052310095,"[0.7372705147583687, 0.02585590233033172, 0.2128260866148954]","[0.9602259489600122, 0.033674896600872584, 0.2771860896271032]"
4c3043b2-9fe5-44b3-922d-0549d32f3de7,unpaired,h_XY_1_1,h_XY_1_0,0,509,509,509,1.0,31.63146909327996,76.43441988833622,0.6960026433940592,"[0.5760713922756066, 0.16325310947272836, 0.35483778386841436]","[0.8276856384717054, 0.23455817448713132, 0.5098224658142773]"
416620c8-356e-469f-8254-d632e3ed777b,reciprocal_lower,h_XY_1_6,h_XY_1_5,27,509,508,508,0.9980353634577603,-9.48878271999333,109.29478851184726,0.866115622632272,"[0.8062821172710871, -0.2861893253787873, -0.13476308536010856]","[0.9309174158764845, -0.33042854545102124, -0.1555947980138503]"
0d9abdde-3a80-4c1c-b3b8-1b3ed54268db,reciprocal_upper,h_XY_1_5,h_XY_1_4,21,509,427,420,0.8388998035363457,25.97385250719624,111.44768002555587,0.9159350312106478,"[0.7663997878411964, -0.3349129794326601, 0.3733652940531004]","[0.836740338261982, -0.3656514578222704, 0.4076329448384571]"
6118519d-6e57-4663-b2a2-20637e3a1e57,reciprocal_lower,h_XY_1_4,h_XY_1_3,27,509,509,509,1.0,-7.254298826374178,70.58705006682828,0.8951222562626513,"[0.8374746948293585, 0.29751564194455, -0.10660408986307578]","[0.935598114078869, 0.3323743096130228, -0.1190944467275043]"
36967851-83cd-438c-81b0-08b6d4be0d01,reciprocal_upper,h_XY_1_3,h_XY_1_2,21,509,504,504,0.9901768172888016,10.410497100498448,114.77337865134848,0.866953614063042,"[0.7742117519372121, -0.363279795159471, 0.14224107187509352]","[0.893025577584032, -0.4190302563673891, 0.16406999125186209]"
7f20c83a-55f5-47e4-9001-207c5feb3f82,reciprocal_lower,h_XY_1_2,h_XY_1_1,27,509,227,207,0.44597249508840864,4.90008070358327,71.10182217005408,0.9509507652636376,"[0.8964021816010871, 0.30800090413966896, 0.07685004766072824]","[0.9426378466108835, 0.3238873298075322, 0.08081390800439879]"
b2a5f5c4-0ed3-4943-a5df-58da43d3c382,reciprocal_upper,h_XY_1_1,h_XY_1_0,21,509,500,500,0.9823182711198428,37.56578987026692,71.75618949336472,0.8835307931801684,"[0.6651303210224214, 0.2765992204865393, 0.5115869327694238]","[0.7528094393047249, 0.3130612114728361, 0.5790255831695746]"
e6c19bbf-60fd-43bb-8d95-798dee05ca30,reciprocal_lower,h_XY_1_6,h_XY_1_5,48,509,502,500,0.9862475442043221,-25.59429987474927,66.30859406896708,0.7724585266281071,"[0.6379488029937332, 0.31038189081638434, -0.3055758203336368]","[0.8258680317485416, 0.40181042750766965, -0.3955886430142979]"
0a6c02a8-1bc5-454c-89ef-818888fc7e77,reciprocal_upper,h_XY_1_5,h_XY_1_4,42,509,495,453,0.9724950884086444,31.785443096005455,122.98169487617797,0.8934761008473281,"[0.6370843048036554, -0.4863825364141377, 0.39478495365139993]","[0.7130401184760023, -0.5443710648252111, 0.4418528411414761]"
dde97cec-4e6b-42f4-bab4-30f9861d2ac3,reciprocal_lower,h_XY_1_4,h_XY_1_3,48,509,508,508,0.9980353634577603,-22.398369306624243,61.03773377721213,0.857798348141878,"[0.6938994084727148, 0.41537470437823537, -0.2859815937413536]","[0.8089306886353963, 0.48423350928338843, -0.3333902360162308]"
e05d797c-8862-4fc2-9971-8c86f0e331a7,reciprocal_upper,h_XY_1_3,h_XY_1_2,42,509,509,509,1.0,35.58516432999489,96.30767728769072,0.959126815052333,"[0.7752892872157018, -0.10537686042088154, 0.5547490295339321]","[0.8083282367341587, -0.10986749485794728, 0.578389656954449]"
370f4fd7-56f8-4ba1-8a54-7b3bde917049,reciprocal_lower,h_XY_1_2,h_XY_1_1,48,509,509,509,1.0,24.405085509453276,44.57843389602057,0.794071774083483,"[0.5075464272138052, 0.565609610763947, 0.23028759156769174]","[0.6391694602161309, 0.7122902856190465, 0.2900085345981344]"
a501b7c8-c2f9-4888-ba6d-41911dfd60ac,reciprocal_upper,h_XY_1_1,h_XY_1_0,42,509,509,509,1.0,58.70205945737468,106.2637980010456,0.9515881109811053,"[0.4745567429571944, -0.26650196205255394, 0.7805719280736316]","[0.4986997393945133, -0.28006020564694256, 0.820283396845771]"
1715fbf8-7548-4705-af35-478e443d38f3,reciprocal_lower,h_XY_1_6,h_XY_2_6,76,509,504,498,0.9901768172888016,-168.3491586332906,92.04296362435102,0.6664152705531602,"[-0.6522698801540556, -0.02375696249616528, -0.1344950668359676]","[-0.9787739101666095, -0.03564888673161066, -0.20181870491102272]"
045faba9-b7aa-447d-88ef-6e69b0f153e4,reciprocal_lower,h_XY_1_6,h_XY_1_5,90,509,509,509,1.0,-56.79606186768847,114.87812727769466,0.5867951611552392,"[0.29152223833765, -0.2468585733457306, -0.4454258529491974]","[0.496804093891508, -0.4206895177181311, -0.7590823551991732]"
5387bf0a-4226-463b-8b3d-bf154ec6af19,reciprocal_upper,h_XY_1_5,h_XY_1_4,84,509,509,509,1.0,14.000683300885433,110.43079753291904,0.7491191468192451,"[0.6811411353574338, -0.2614993678767741, 0.1698361871193159]","[0.9092560752846254, -0.34907580321114295, 0.22671451909945062]"
e2d4e8e4-e1c2-4247-b7c1-94c0f11628e8,reciprocal_lower,h_XY_1_4,h_XY_1_3,90,509,477,457,0.93713163064833,-51.84558956003274,114.50363420707319,0.7737957234354906,"[0.4349832801347035, -0.3209325188644217, -0.5536710990702386]","[0.562142264373689, -0.4147509596454587, -0.7155261812666205]"
8f0fb0f5-acc0-4096-8d63-1ac6dfcee229,reciprocal_upper,h_XY_1_3,h_XY_1_2,84,509,509,509,1.0,-4.918419055960275,119.63610648650898,0.8836063681855831,"[0.76518806346901, -0.43693425166684985, -0.06584755988639578]","[0.8659829659673731, -0.4944897042379406, -0.0745213731557963]"
aa0369b8-0d5a-4b95-82cb-2e46a3bfba3c,reciprocal_lower,h_XY_1_2,h_XY_1_1,90,509,493,487,0.9685658153241651,-8.3943262621269,46.692162466724234,0.8510697692349529,"[0.6126707973336922, 0.5837639881010993, -0.09040936011516436]","[0.7198831629097069, 0.6859178990999278, -0.10623025677017703]"
f6f8ce8e-ac60-4875-a9b1-f0ce46b9a301,reciprocal_upper,h_XY_1_1,h_XY_1_0,84,509,508,508,0.9980353634577603,42.25155458910369,138.53368649490224,0.9100237670394321,"[0.4460438337324455, -0.6819219165237022, 0.40517978075237426]","[0.49014525761624206, -0.7493451723158719, 0.4452408776866786]"
7eb2836f-e25e-483d-a7c4-4245329f0fff,reciprocal_lower,h_XY_1_6,h_XY_1_5,111,509,509,509,1.0,-10.488010896107165,114.04623926390562,0.9316264428009728,"[0.836563107937448, -0.37961333585926704, -0.1548667511179571]","[0.897959814689552, -0.4074737667577834, -0.16623267009504789]"
744acfaf-3a06-4db3-80b5-e7ad48016272,reciprocal_upper,h_XY_1_5,h_XY_1_4,105,509,491,486,0.9646365422396856,32.398922266496136,97.24072247320123,0.7767210967655259,"[0.6505852584221523, -0.09789663665300756, 0.41285679383589147]","[0.837604722121445, -0.12603833867867797, 0.5315380199599797]"
ef97c53c-561a-49c1-8140-6d047fa1a788,reciprocal_lower,h_XY_1_4,h_XY_1_3,111,509,429,71,0.8428290766208252,8.144643688530008,67.84451396588129,0.9222470219821106,"[0.8455365146845271, 0.3477990418395083, 0.12100991027818346]","[0.9168221686065021, 0.3771213498656923, 0.13121203689886327]"
a9589006-ca5b-4add-9e1b-73daf2b23555,reciprocal_upper,h_XY_1_3,h_XY_1_2,105,509,130,57,0.2554027504911591,55.0473399513082,69.72629845342473,0.9527348149016197,"[0.5120065541573741, 0.33012750002226343, 0.7325085322059847]","[0.5374072051835792, 0.3465051290860539, 0.7688482888930895]"
6fe20908-ccb8-464e-9784-00226014b623,reciprocal_lower,h_XY_1_2,h_XY_1_1,111,509,509,509,1.0,-49.386790660072585,50.95087994274568,0.8692540936404353,"[0.43943505832805074, 0.5476182677098423, -0.5124585268032416]","[0.5055311922520803, 0.6299864121621994, -0.5895382380738247]"
9ec4b2ea-1f21-4942-a191-673b90de94db,reciprocal_upper,h_XY_1_1,h_XY_1_0,105,509,509,509,1.0,40.66647453010324,83.66173691800857,0.8891323915144691,"[0.6702985085913312, 0.09815850031743943, 0.5758656334909277]","[0.7538793041265816, 0.11039807035962886, 0.6476714142761679]"
560cdddf-df14-4cf8-88e9-5c8cbbdea0a1,unpaired,h_XY_1_6,h_XY_1_5,132,509,506,506,0.9941060903732809,-84.30425696125106,115.33921024035654,0.7342195983232832,"[0.06585756429944598, -0.3142287120166175, -0.6603041089762545]","[0.08969736635993245, -0.4279764701653468, -0.8993278175687117]"
a1c99055-13f4-4845-b341-965d00d824c0,reciprocal_upper,h_XY_1_5,h_XY_1_4,126,509,508,508,0.9980353634577603,15.201295571586948,98.11096348704879,0.9277677197611809,"[0.8863496215323895, -0.13089936857392384, 0.24083738403163052]","[0.9553572544651016, -0.1410906693408335, 0.2595880185329417]"
4f945709-42c9-47cc-a824-2ffe8cbf8aa9,unpaired,h_XY_1_4,h_XY_1_3,132,509,484,444,0.9508840864440079,26.552644309025414,159.30794429386523,0.6385565825903621,"[0.20183222462602435, -0.5973652339141647, 0.10086148711310548]","[0.31607570907385185, -0.9354930325687022, 0.15795230972947114]"
b5ba8ab1-824c-4cee-8459-e56051ad2e07,reciprocal_upper,h_XY_1_3,h_XY_1_2,126,509,465,425,0.9135559921414538,30.988196958026474,69.98206241889726,0.891258667711929,"[0.7178924910246389, 0.3050906012058427, 0.4311520719629431]","[0.8054816374102012, 0.34231431598761575, 0.48375638586473674]"
ed30af27-7ebb-4f5d-b488-cbd0db77f7e2,unpaired,h_XY_1_2,h_XY_1_1,132,509,505,501,0.9921414538310412,-16.71911806892675,44.59158846577276,0.8920934895084177,"[0.599817350763381, 0.6352857522499418, -0.18017200874367265]","[0.6723705058019271, 0.7121291206821965, -0.20196538912413234]"
0cc2ae9a-94ef-41b2-b7f0-f56bf85faffd,reciprocal_upper,h_XY_1_1,h_XY_1_0,126,509,452,446,0.888015717092338,26.69094312845573,101.32430947396897,0.781080062101276,"[0.6842639072897292, -0.15337458541561363, 0.3440133793056815]","[0.8760483598171868, -0.19636218213405998, 0.4404329287067069]"
9d3a6e5f-526a-462f-a21d-ad8d5217ec9d,reciprocal_upper,h_XY_2_0,h_XY_1_0,119,509,507,507,0.9960707269155207,43.196038268321615,129.82905010836387,0.8088747971480869,"[0.4528520144643102, -0.5180836219177575, 0.42519742609469424]","[0.5598542766581008, -0.6404991523340886, 0.5256653163058684]"
1fed1126-3535-4c42-a9d6-905b516e415f,reciprocal_lower,h_XY_1_0,h_XY_1_1,125,509,477,436,0.93713163064833,-179.38767966152136,67.81348423951056,0.8424909027281358,"[-0.7800678910580947, 0.318143839310601, -0.008336907613496309]","[-0.9259066044892542, 0.37762287792116744, -0.009895546155453922]"
b884c651-8b4f-475d-973f-6c16a2662004,reciprocal_upper,h_XY_1_1,h_XY_0_1,119,509,509,509,1.0,44.242705961675426,124.01379889459564,0.8437023462954635,"[0.5010059507601157, -0.4719608064827363, 0.4879340975906355]","[0.5938183684802318, -0.5593925494637136, 0.5783249267150451]"
7aec9dc3-1624-4f48-bd0c-fc2153c35da9,reciprocal_lower,h_XY_0_1,h_XY_0_2,125,509,509,509,1.0,-173.22585752426633,44.343156180566226,0.9056455778150867,"[-0.6285856378892941, 0.647687352911877, -0.07466660119047419]","[-0.6940746504894189, 0.7151664721584062, -0.0824457194067142]"
50e515c7-19cc-4c03-921c-4710318b353e,reciprocal_upper,h_XY_2_0,h_XY_1_0,98,509,485,467,0.9528487229862476,12.346111841639475,88.21585998979778,0.6164862304718073,"[0.6019373024542607, 0.019193734963161523, 0.13175111693488661]","[0.976400238483166, 0.03113408542551264, 0.21371299215240422]"
b109e65d-e947-4bad-84ea-f98e60f264b5,reciprocal_lower,h_XY_1_0,h_XY_1_1,104,509,508,508,0.9980353634577603,-176.12420325309495,52.207273752236574,0.8514988080272077,"[-0.671343365352299, 0.5218042067912878, -0.04548269609554868]","[-0.7884254904686229, 0.6128067378041647, -0.05341486760377871]"
43579f1e-ca05-423d-97f0-6f9999d27461,reciprocal_upper,h_XY_1_1,h_XY_0_1,98,509,505,504,0.9921414538310412,-16.110855926371897,134.82397682040465,0.9087664196929267,"[0.6192517283619231, -0.6406176986890055, -0.178864939573618]","[0.6814201261652791, -0.70493108548781, -0.19682168673668277]"
59fd9282-3a30-4116-9238-c7574588a4af,reciprocal_lower,h_XY_0_1,h_XY_0_2,104,509,206,98,0.40471512770137524,-173.5663984379716,50.96685601612961,0.9023854779555394,"[-0.6965422437015634, 0.568295160446839, -0.07854339040900034]","[-0.7718899081572788, 0.6297698426335259, -0.08703973227378353]"
8fdb431f-1974-48fc-943a-6f8ac39c0283,reciprocal_upper,h_XY_2_0,h_XY_1_0,77,509,509,509,1.0,-3.348036388137338,93.90916849797702,0.9156036463483122,"[0.9119142743310821, -0.06242122338631636, -0.05334776798045634]","[0.9959705577495849, -0.068174939708104, -0.05826513272770638]"
55e4d411-a605-4628-9b68-edc81840e626,reciprocal_lower,h_XY_1_0,h_XY_1_1,83,509,355,166,0.6974459724950884,103.57955028063355,33.893080013264765,0.741991741220124,"[-0.09715070826523532, 0.6159122386021865, 0.40220094264245315]","[-0.13093233100611287, 0.8300796415730806, 0.5420558212428049]"
8a83746a-e453-4b10-abbe-c6ddb486c149,reciprocal_upper,h_XY_1_1,h_XY_0_1,77,509,509,509,1.0,19.248437852003793,110.72958896603812,0.9295115165982158,"[0.8207385829165387, -0.3290079288194353, 0.28658963828933615]","[0.8829783905424223, -0.3539578831938776, 0.3083228482614007]"
735f3815-75bc-4443-af88-6ef5468d00e3,reciprocal_lower,h_XY_0_1,h_XY_0_2,83,509,501,501,0.9842829076620825,165.0497217371424,81.75624618616114,0.927015647987882,"[-0.886381643468407, 0.13291989098282925, 0.23668100117616456]","[-0.9561668623311025, 0.14338473279424813, 0.2553150010896671]"
43252891-1853-4fa3-9826-b7fc15099ff4,reciprocal_upper,h_XY_2_0,h_XY_2_1,49,509,509,509,1.0,-128.92163765235242,103.34321251708599,0.9556259702760161,"[-0.5841714585066302, -0.2205428436052208, -0.7234124385623576]","[-0.611297177637295, -0.23078364387849443, -0.7570037452554919]"
d059f014-f371-487b-8c2d-78e0e5163d22,reciprocal_lower,h_XY_2_1,h_XY_2_0,69,509,505,505,0.9921414538310412,-28.33677251295066,101.92081028225162,0.8408377952420838,"[0.7241220387592822, -0.17368309680833313, -0.3904992353049314]","[0.8611911154050844, -0.20655957402382039, -0.4644168441459076]"
893156fa-e45d-4141-8958-313ca31ba967,reciprocal_upper,h_XY_2_0,h_XY_1_0,35,509,509,509,1.0,19.684817739961826,101.59836775472954,0.880221456784887,"[0.8118582686288904, -0.17696853697690323, 0.2904446617923342]","[0.9223341039586774, -0.20105001487160035, 0.3299677138673916]"
f01e032a-a6f8-4b04-a1d7-ade8c033dfc8,reciprocal_lower,h_XY_1_0,h_XY_1_1,41,509,504,503,0.9901768172888016,170.96620119714757,42.10293820906245,0.9059869535982267,"[-0.5998975841831605, 0.6721892827035729, 0.09537723418017138]","[-0.6621481488233373, 0.7419414595694777, 0.10527440136016333]"
240f0cd7-526d-4b70-b3dc-0a5a58958ee9,reciprocal_upper,h_XY_1_1,h_XY_0_1,35,509,496,486,0.9744597249508841,35.841656786906405,83.01966473590656,0.7365839344450601,"[0.5926773814121746, 0.08951607334618703, 0.42810779794071996]","[0.804629796682568, 0.12152868011386664, 0.5812070803081728]"
85406cac-15d3-4f35-8315-f97221ca45d7,reciprocal_lower,h_XY_0_1,h_XY_0_2,41,509,467,465,0.9174852652259332,-176.9727421768074,53.8169124920339,0.9535253982464458,"[-0.7685493602676083, 0.5629303525535212, -0.04064460735769569]","[-0.8060082738026565, 0.590367444421263, -0.042625615880229326]"
6d9db1ba-083b-4660-bfe4-33f7abc0121c,reciprocal_upper,h_XY_2_0,h_XY_1_0,14,509,493,412,0.9685658153241651,9.057480320004904,113.99521473271419,0.8860297927884278,"[0.7993653724263381, -0.3603131799361617, 0.12742922521422312]","[0.9021879161767826, -0.4066603435559641, 0.14382047449351576]"
fd7a3b24-7e76-4a72-bb9e-a811b5bbe464,reciprocal_lower,h_XY_1_0,h_XY_1_1,20,509,509,509,1.0,179.9113489285681,68.11707459404847,0.8314636999033265,"[-0.7715536267001566, 0.30989588614398494, 0.0011937896794100558]","[-0.9279462552482621, 0.3727112634983539, 0.0014357688490175297]"
29262fb1-da8d-483e-a825-ca162bc3a9db,reciprocal_upper,h_XY_1_1,h_XY_0_1,14,509,507,500,0.9960707269155207,12.229984547394226,83.4378359905245,0.8297751952969253,"[0.80563064856588, 0.09482765463753443, 0.17462488006385202]","[0.9709023035782535, 0.11428113924712037, 0.21044842151658263]"
834b6e84-243f-491e-9b43-2d20d461c2ae,reciprocal_lower,h_XY_0_1,h_XY_0_2,20,509,509,509,1.0,175.39991819124612,58.94832012652372,0.8593564072998939,"[-0.733841178283068, 0.4432655019345827, 0.05904451387031746]","[-0.8539427553566559, 0.5158110164411611, 0.06870782991638578]"
27b1873c-fc41-4db8-ae58-9ea81cf24d03,reciprocal_lower,h_XY_2_3,h_XY_2_2,69,509,509,509,1.0,-25.981901556186106,113.49376666862288,0.8765546648859684,"[0.7226440006710217, -0.34943790148505904, -0.35217450480301804]","[0.8244140720704863, -0.3986492976231182, -0.401771297228602]"
ec429129-8499-4362-8fca-832f5c024601,reciprocal_upper,h_XY_2_2,h_XY_1_2,56,509,502,497,0.9862475442043221,-37.97200101558508,140.7918371022428,0.8682827293332429,"[0.43268526139868335, -0.672792724506462, -0.33771039734943087]","[0.4983230079111947, -0.7748544359774399, -0.38894059036364775]"
b67fc17f-4b34-4a49-824a-8a15736f1360,reciprocal_upper,h_XY_2_4,h_XY_2_5,49,509,506,506,0.9941060903732809,-114.37296868316271,28.641404804387133,0.7550329368642218,"[-0.14934990646133162, 0.6626447052951789, -0.3296533569282571]","[-0.1978058163682326, 0.8776368194575105, -0.43660791580478947]"
3e22a7ac-15d4-453d-810d-9a2e52837807,reciprocal_lower,h_XY_2_5,h_XY_2_4,69,509,491,485,0.9646365422396856,-11.192348225070287,44.44453678228652,0.8951518185909062,"[0.614880771696423, 0.6390744900829709, -0.1216643376253236]","[0.6869011031718967, 0.7139286060871365, -0.1359147522225227]"
f4dfac38-e125-48c4-87fb-affb4b022ed3,reciprocal_upper,h_XY_2_6,h_XY_2_5,126,509,509,509,1.0,37.378505737284364,121.2726175131549,0.8564538314825648,"[0.5816918396024708, -0.4445943430588295, 0.44439131328272696]","[0.6791864525791576, -0.5191106942556545, 0.5188736356208054]"
ab7a2fa2-5faa-4738-ad6e-1d9254dab0b6,unpaired,h_XY_2_5,h_XY_2_4,132,509,509,509,1.0,-33.7878040927076,97.71769913397853,0.8167295887925663,"[0.672637692236316, -0.10968049644355801, -0.45008437530331147]","[0.8235745361334682, -0.13429230182012514, -0.5510812654267927]"
f2ec0423-2350-44e6-8361-b91166f38997,reciprocal_upper,h_XY_2_4,h_XY_2_3,126,509,506,506,0.9941060903732809,55.21249067480066,94.08899992553803,0.8993584032655503,"[0.5118088947737762, -0.06412960249030103, 0.7367391579380329]","[0.5690822400896123, -0.07130594683659804, 0.8191830478960884]"
6b7d0391-7f0f-4af5-bdb8-e09e7d080529,unpaired,h_XY_2_3,h_XY_2_2,132,509,509,509,1.0,-45.24741424113021,154.51955972988802,0.6272691629335926,"[0.18998916350555956, -0.5662560716713579, -0.1916371096974424]","[0.3028829962197157, -0.9027322003573545, -0.30551017174381734]"
c8153e0e-815b-46f4-ab51-404f690f3841,reciprocal_upper,h_XY_2_2,h_XY_2_1,126,509,481,481,0.9449901768172888,6.0067682843813435,126.07924641168422,0.8195288790401075,"[0.6587093191414948, -0.48262354803755514, 0.06931181238811604]","[0.8037658415564606, -0.588903649866298, 0.08457519211440008]"
10b884e8-74a1-432a-afe0-35d1c881fca6,unpaired,h_XY_2_1,h_XY_2_0,132,509,509,509,1.0,54.536957886172736,146.4508377413612,0.8784697898991456,"[0.28166951044339544, -0.7321272024616632, 0.3954253634602691]","[0.32063653603356473, -0.8334119293342079, 0.4501297233063264]"
2e762013-7314-4fb8-a89a-14d507b74748,reciprocal_upper,h_XY_2_6,h_XY_2_5,105,509,479,448,0.9410609037328095,17.052760360212442,110.05392767455172,0.7688324325980205,"[0.6904661039929326, -0.2636360585516097, 0.21179210864142828]","[0.8980709901372472, -0.34290444493963, 0.2754723912020014]"
2eec59da-fb23-4b34-8b38-6c254509c655,reciprocal_lower,h_XY_2_5,h_XY_2_4,111,509,506,506,0.9941060903732809,-39.95237852909213,108.64506912195051,0.5964179653239178,"[0.43320596245639165, -0.19067764427602135, -0.362889817198968]","[0.7263462666170949, -0.3197047295053617, -0.6084488367178554]"
50cb7a62-a66a-4136-b9d6-92d54ad6d8ea,reciprocal_upper,h_XY_2_4,h_XY_2_3,105,509,509,509,1.0,24.0349536164436,112.39824959072159,0.9523083415832048,"[0.8041252542651453, -0.36286959976644684, 0.35860759399001585]","[0.8443958948509195, -0.38104213091652556, 0.37656668363718593]"
c254f47e-0d39-4c29-b6b5-91999ae8db7b,reciprocal_lower,h_XY_2_3,h_XY_2_2,111,509,509,509,1.0,-5.249059324567497,44.89134074120249,0.921201641807698,"[0.6474249690789151, 0.6526220879826858, -0.059479278404194105]","[0.7028048363097315, 0.7084465098238736, -0.06456705644540142]"
8e3e09c4-2724-4ba0-b86a-60e47c2fa726,reciprocal_upper,h_XY_2_2,h_XY_2_1,105,509,509,509,1.0,30.197471061372262,117.05248036648166,0.7952205392415606,"[0.6121087168542961, -0.36167141549365434, 0.356219612033703]","[0.7697345411099331, -0.45480643123050807, 0.4479507186439708]"
27d95e9c-d7dc-4741-8e27-133c9455d9e4,reciprocal_lower,h_XY_2_1,h_XY_2_0,111,509,506,506,0.9941060903732809,-21.1508442747312,76.11205021268155,0.8970475370045431,"[0.8121599377187619, 0.21531283043734606, -0.3142147422697294]","[0.9053700101900495, 0.24002388006808117, -0.35027657878529805]"
38918e77-568c-44e9-a915-70766b3e848c,reciprocal_upper,h_XY_2_6,h_XY_2_5,84,509,508,508,0.9980353634577603,25.27465337598366,121.4004272011656,0.9376899179032203,"[0.7237448619605859, -0.4885514464760727, 0.3417209988706248]","[0.7718381611470884, -0.5210159959579479, 0.3644285731841409]"
2e49de2c-9fba-427c-a1e5-b1715fe8a7d0,reciprocal_lower,h_XY_2_5,h_XY_2_4,90,509,509,509,1.0,-35.05212751716849,91.93734459208262,0.859418032555519,"[0.7031431189698418, -0.029054000841123216, -0.4933000851024515]","[0.8181619332317399, -0.03380659904788105, -0.5739931749344391]"
a3e497f5-3295-42de-a7af-bc31675a2d2c,reciprocal_upper,h_XY_2_4,h_XY_2_3,84,509,509,509,1.0,-20.89605168624459,125.2896881376766,0.8209964078779884,"[0.626056227509657, -0.4742984340304247, -0.23901819433094187]","[0.7625565976930531, -0.5777107298877635, -0.2911318393569188]"
f5915cdb-7bfb-4148-a908-275f6a0205ca,reciprocal_lower,h_XY_2_3,h_XY_2_2,90,509,509,509,1.0,-52.08062212621861,76.49631377660917,0.9407982524995333,"[0.5621859309798022, 0.21968384541279776, -0.7216559699601983]","[0.5975626862466786, 0.23350792247874283, -0.7670677193998682]"
e3d89535-aacf-4083-8529-ac78783d1da6,reciprocal_upper,h_XY_2_2,h_XY_2_1,84,509,457,457,0.8978388998035364,42.19840138961815,106.34223368875986,0.9611942151999816,"[0.6833059529268409, -0.27045517773166544, 0.6195492642774937]","[0.7108927021420697, -0.2813741213323842, 0.6445619984808098]"
24068314-ec17-469e-a0a3-dfe6d32f5abb,reciprocal_lower,h_XY_2_1,h_XY_2_0,90,509,509,509,1.0,-28.823119181029003,66.31415608675518,0.8854064675527072,"[0.7103706113087607, 0.3556868420012217, -0.390902900731344]","[0.8023101675236781, 0.40172153133729854, -0.44149542052907353]"
63f6a978-0cb8-4a07-99e9-bc9922285f57,reciprocal_upper,h_XY_2_6,h_XY_2_5,42,509,501,489,0.9842829076620825,-0.9915907972494774,134.76802658714246,0.8558519266053642,"[0.6075329269706023, -0.6027235607545248, -0.010515333186978209]","[0.7098575210086984, -0.7042381304732896, -0.012286393078164861]"
76269307-3d96-42d4-9626-0a4ce13737d1,reciprocal_lower,h_XY_2_5,h_XY_2_4,48,509,361,297,0.7092337917485265,7.024079855609377,42.740830463112715,0.7713286939214067,"[0.5195589822186255, 0.5664878076402247, 0.06401548138865154]","[0.6735895945698672, 0.7344311343588444, 0.08299377670393564]"
690745d2-1971-4682-9248-57cc0caed4c3,reciprocal_upper,h_XY_2_4,h_XY_2_3,42,509,503,487,0.9882121807465619,26.345336658443955,101.51774748370677,0.9536676548315685,"[0.8374060218617387, -0.19042021157333666, 0.41469662820670056]","[0.8780899903852111, -0.19967145850927243, 0.4348439690763571]"
6cbd8fb2-95f2-4897-9899-e15e61ed372b,reciprocal_lower,h_XY_2_3,h_XY_2_2,48,509,509,509,1.0,-12.530849597673738,83.7359227165313,0.8207621013859803,"[0.7964274150826746, 0.08955426079463695, -0.17701365469868546]","[0.9703511087290545, 0.10911110618218252, -0.2156698687716834]"
7d5b07a8-ea9f-45dc-8955-1ec6aec1b553,reciprocal_upper,h_XY_2_2,h_XY_2_1,42,509,509,509,1.0,55.29496527968726,137.33217682358344,0.956382319476444,"[0.36904532845560456, -0.7032234512501739, 0.5328690872663117]","[0.38587636025897304, -0.7352953279553957, 0.5571716210291531]"
c1ddfeb1-cbcb-468e-bf2c-2dc1ce2fed2b,reciprocal_lower,h_XY_2_1,h_XY_2_0,48,509,507,498,0.9960707269155207,22.999774377070814,25.582416760014702,0.8620997346124271,"[0.3426699166615183, 0.7775838601991607, 0.14545315737988376]","[0.39748291630732485, 0.9019650847575518, 0.16871964059387506]"
614f0f4b-b9ed-4339-8368-3b0e4ec9f38c,reciprocal_upper,h_XY_2_6,h_XY_2_5,21,509,444,444,0.8722986247544204,45.19199792941574,82.57812304023288,0.7888800084524807,"[0.5512922166770976, 0.10190296923185109, 0.5549994093951547]","[0.6988289863734143, 0.1291742319998078, 0.703528297648052]"
0f4a3835-40fb-440a-8667-4765a1afd9c7,reciprocal_lower,h_XY_2_5,h_XY_2_4,27,509,509,509,1.0,-53.12929695580419,57.47495089262811,0.9162229421767337,"[0.4635202647433254, 0.49262401230400726, -0.6180089210074311]","[0.5059033597675567, 0.5376682787855613, -0.6745180594792627]"
82ec16a7-8ea0-4467-a61b-2d4db11c6f4a,reciprocal_upper,h_XY_2_4,h_XY_2_3,21,509,509,509,1.0,-2.9185859324661614,109.09950154068684,0.9059994268818137,"[0.8550152652422406, -0.29645178086643803, -0.04359127589361427]","[0.9437260553077327, -0.32720967814156215, -0.04811402148855961]"
3cfa1dda-b7c6-41ea-a602-211cc0de6149,reciprocal_lower,h_XY_2_3,h_XY_2_2,27,509,408,256,0.8015717092337917,-62.12936119825608,89.83860440883024,0.761855126209424,"[0.3561482349047656, 0.0021460550308232637, -0.6734813008195565]","[0.4674750128371062, 0.0028168807388628653, -0.8840017972582694]"
4e1deda7-a07a-4a7a-937b-ded155b6a206,reciprocal_upper,h_XY_2_2,h_XY_2_1,21,509,509,509,1.0,53.132817962998,95.45222223930058,0.8790393068146496,"[0.5250042213110472, -0.0835225166698831, 0.7000747529656314]","[0.5972477194603395, -0.0950156790741717, 0.7964089290869971]"
6f6babc3-c40e-4aa9-8af4-5f49c4d75af9,reciprocal_lower,h_XY_2_1,h_XY_2_0,27,509,504,504,0.9901768172888016,-36.64889833336151,76.2474949203438,0.8742511331666186,"[0.6813104716945282, 0.20783428899725304, -0.5068885413180125]","[0.7793075077029166, 0.23772836100818992, -0.579797408419724]"
b41d3fbe-7d34-46c7-aa51-5a1e07487f94,reciprocal_lower,h_XY_0_1,h_XY_1_1,13,509,509,509,1.0,159.9217263191054,78.39411311003387,0.9006053348036563,"[-0.8285764185650917, 0.18118249081763765, 0.30285969143444696]","[-0.9200216638131864, 0.20117856714355106, 0.3362845851901092]"
857b4a60-2e01-407f-9cfa-9069d4db3f8a,reciprocal_upper,h_XY_1_1,h_XY_1_2,7,509,505,505,0.9921414538310412,-136.18124965338825,75.43656661740042,0.7817538056597202,"[-0.5459383124498249, 0.19657332915386547, -0.5238790871262747]","[-0.6983506936549019, 0.25145170734151745, -0.6701330819671218]"
d0a0dd47-d057-4eff-9141-a9d279e84f19,reciprocal_lower,h_XY_1_2,h_XY_2_2,13,509,509,509,1.0,124.54651132568316,61.321687227780636,0.9207070819989657,"[-0.458061672766961, 0.44183945785663054, 0.6653261818581487]","[-0.49751075203250755, 0.47989145135860584, 0.7226252462549171]"
c0c289cd-3590-4520-ad4b-be29bffba230,reciprocal_upper,h_XY_2_2,h_XY_2_3,7,509,509,509,1.0,-165.80681605603743,57.37233992380827,0.9028847303409081,"[-0.7371908328303733, 0.4868150630953426, -0.18644464759577434]","[-0.8164838855476351, 0.5391774240234771, -0.20649883792516593]"
fb9d446c-b711-4e45-9306-2add1c561b60,reciprocal_lower,h_XY_2_3,h_XY_3_3,13,509,509,509,1.0,160.6349320275578,74.3932523992067,0.9781362130049907,"[-0.8887754046110113, 0.26315116269909433, 0.31237829137184336]","[-0.9086417543836266, 0.2690332483352722, 0.3193607262654834]"
519a4656-8438-4a89-a870-9b01ad7995ba,reciprocal_upper,h_XY_3_3,h_XY_3_4,7,509,509,509,1.0,-153.71616764969576,111.27035406549906,0.8338110886703133,"[-0.6966770169022818, -0.302480904018988, -0.3440746552909217]","[-0.8355334036313663, -0.3627691069704497, -0.41265300973583946]"
e103da2a-7728-4d4c-bd22-fd50ec1ced86,unpaired,h_XY_2_6,h_XY_2_5,0,509,490,488,0.962671905697446,28.166967264482096,73.4128740235207,0.5647029961457317,"[0.47711220072456584, 0.16120747579354205, 0.2554712733831389]","[0.8448905070116512, 0.28547303076808817, 0.4523993588254488]"
3d17e8f8-cd9d-47b0-8da3-e7ed94a44a9f,reciprocal_lower,h_XY_2_5,h_XY_2_4,6,509,508,508,0.9980353634577603,-35.42858082251404,69.78274800081778,0.8225050184929529,"[0.6289167091524515, 0.2842419155807336, -0.4474201736868138]","[0.7646357104358993, 0.3455807675210786, -0.543972576005197]"
c86425c8-a07a-4636-b4e1-6e5dc6f64271,unpaired,h_XY_2_4,h_XY_2_3,0,509,432,427,0.8487229862475442,-40.62059515024384,26.756842789743608,0.7703011952487353,"[0.26322922598071546, 0.6878213350710058, -0.22577891179727755]","[0.34172246856726873, 0.8929251821411284, -0.2931047143505626]"
d648979f-44ef-47b3-a750-5093b0f8471b,reciprocal_lower,h_XY_2_3,h_XY_2_2,6,509,509,509,1.0,-31.056958185241797,76.5961814114807,0.9156225688502044,"[0.7630065661895408, 0.21225297238661775, -0.4594935736792615]","[0.8333199640848613, 0.23181273551738135, -0.5018373173744197]"
30910c60-3ee0-4da3-a76f-d03cd4fc48bb,unpaired,h_XY_2_2,h_XY_2_1,0,509,458,417,0.899803536345776,-24.950043843053024,129.85657230537618,0.3609923163606042,"[0.25125454722865775, -0.2313484128783529, -0.11689532423062902]","[0.6960107898187876, -0.6408679697416418, -0.3238166546289018]"
48e6d986-f1b4-41e1-adbf-081075375648,reciprocal_lower,h_XY_2_1,h_XY_2_0,6,509,508,508,0.9980353634577603,16.9294052361549,78.22717385005224,0.8677703022655977,"[0.8127017108943237, 0.17705271795872993, 0.24737332448546706]","[0.9365401290785137, 0.2040317783363593, 0.28506774642969257]"
a439965d-c5d2-40ff-a48c-05b2bafdab11,reciprocal_upper,h_XY_3_1,h_XY_2_1,119,509,508,487,0.9980353634577603,26.99642593626646,95.58210328995483,0.8499746694291973,"[0.7537655310071668, -0.08267876089877337, 0.3840034966416327]","[0.8868094051712859, -0.09727202924093785, 0.4517822829938111]"
5b560008-3ddb-4f2a-a9bc-2e996d848d7b,reciprocal_lower,h_XY_2_1,h_XY_2_2,125,509,509,509,1.0,147.32717499291223,56.26771226531761,0.8703099982807783,"[-0.6092589061078401, 0.483294602432024, 0.3907293253594338]","[-0.7000481521657548, 0.5553131681662057, 0.4489541957822909]"
5a671f42-24cd-4b35-811a-1db943e3aab0,reciprocal_upper,h_XY_2_2,h_XY_1_2,119,509,504,503,0.9901768172888016,18.137409478545866,105.35972318012058,0.9098329779191103,"[0.8337429765569558, -0.24099503832978772, 0.27311186032746343]","[0.9163692642399258, -0.26487832841690384, 0.3001780183348605]"
b3d46c38-53e0-4548-9385-f316a9619c4a,reciprocal_lower,h_XY_1_2,h_XY_1_3,125,509,341,208,0.6699410609037328,152.23549545395184,68.8957204163231,0.7978626618657577,"[-0.6586504309425618, 0.2872836097969603, 0.3467456770613267]","[-0.8255185540357838, 0.36006649205160635, 0.43459318706615635]"
ca07dc84-1722-44be-bcdf-17e9c8fd263d,reciprocal_upper,h_XY_1_3,h_XY_0_3,119,509,509,509,1.0,70.35506545253192,102.75687750050236,0.9461098974456544,"[0.31022158249876675, -0.2089147921561598, 0.8690460962543565]","[0.3278916998292856, -0.22081450867409416, 0.9185466705301806]"
62fb05ce-0f7d-47cd-8220-2c73ed389794,reciprocal_lower,h_XY_0_3,h_XY_0_4,125,509,508,508,0.9980353634577603,141.180743412346,116.39715126174097,0.9017406494152006,"[-0.6293164412484107, -0.40090545601753735, 0.5063317399862997]","[-0.6978907312834758, -0.444590643970119, 0.561504841014617]"
6c0c403b-17c3-4fbf-b5eb-49a8f7b6afff,reciprocal_upper,h_XY_3_1,h_XY_2_1,98,509,508,508,0.9980353634577603,19.72880644754793,65.4533136103876,0.8325654066749936,"[0.7128666871243234, 0.34587645151410606, 0.2556476541419843]","[0.8562290498848499, 0.4154345697540193, 0.30706014457526076]"
b2b4c53f-df18-4b46-a92c-3d4d54bf637d,reciprocal_lower,h_XY_2_1,h_XY_2_2,104,509,506,491,0.9941060903732809,171.76365290653968,54.98487727542641,0.6948764080646267,"[-0.5632342164636173, 0.3987149578546557, 0.08152804592514708]","[-0.8105530853066951, 0.5737926244541222, 0.11732740524637958]"
065926d9-201f-46fc-839e-608d216cb75f,reciprocal_upper,h_XY_2_2,h_XY_1_2,98,509,505,487,0.9921414538310412,19.477829226205497,85.46884709639077,0.8978635773926158,"[0.843833724059681, 0.07093223606278076, 0.2984497740574951]","[0.9398239836280733, 0.07900112873357337, 0.33239991193783514]"
3d451171-8a12-49ea-b124-33e624530707,reciprocal_lower,h_XY_1_2,h_XY_1_3,104,509,507,506,0.9960707269155207,135.57687908008663,53.75747931590059,0.8986368903553712,"[-0.5176238549027177, 0.5312780576143207, 0.5073040814351647]","[-0.5760100219099845, 0.5912043711050229, 0.5645262139578404]"
24840f1c-8b8b-494a-83ff-4309087a5ec2,reciprocal_upper,h_XY_1_3,h_XY_0_3,98,509,509,509,1.0,25.385022359300173,118.27281288829691,0.8591656447605696,"[0.6836107080869985, -0.4069613046566367, 0.3243832631900201]","[0.7956681138914786, -0.4736703651250485, 0.3775561385260214]"
240cb931-d7ce-488d-b6ee-df0a8c3ea16d,reciprocal_lower,h_XY_0_3,h_XY_0_4,104,509,509,509,1.0,126.03930808159508,78.91242598818712,0.9786454489247518,"[-0.5650291892586525, 0.18820246928220993, 0.7765750192627352]","[-0.5773584191082236, 0.19230914473570587, 0.7935202887991422]"
0e907dd4-b040-422a-9e4c-a009e6855f6e,reciprocal_upper,h_XY_3_1,h_XY_2_1,77,509,409,262,0.8035363457760314,21.351880386641454,112.96124810799067,0.9249673007446222,"[0.793223384772695, -0.3608375668873365, 0.3100925984595058]","[0.8575691098854306, -0.390108457452337, 0.3352470927457364]"
8314332c-805f-4a84-bd08-726d80125c45,reciprocal_lower,h_XY_2_1,h_XY_2_2,83,509,507,507,0.9960707269155207,142.4379004041023,64.51321517256531,0.9304390759900948,"[-0.6657773513423211, 0.400370637903007, 0.5120163521549329]","[-0.7155517954078369, 0.43030290562223683, 0.5502954093045677]"
fbfbc718-095a-4156-8dee-92692beb52d0,reciprocal_upper,h_XY_2_2,h_XY_1_2,77,509,509,509,1.0,58.11251024905626,91.19217329648642,0.8983650505849377,"[0.4744612646456251, -0.018691246602510803, 0.7626250125479729]","[0.5281386050544786, -0.020805847901519188, 0.8489032515806547]"
4dad7b3f-594e-4ca8-aac4-d8cadf41501c,reciprocal_lower,h_XY_1_2,h_XY_1_3,83,509,508,508,0.9980353634577603,175.42701984995205,115.79478284718084,0.8714985597960677,"[-0.782163148213251, -0.3792318293695306, 0.06256012225687799]","[-0.8974921867871802, -0.4351491176970752, 0.07178453888841442]"
47e52319-a942-4e20-af37-49a82fdfe2bd,reciprocal_upper,h_XY_1_3,h_XY_0_3,77,509,509,509,1.0,24.233396625867265,78.81823425273718,0.8681514176672233,"[0.7766228341717354, 0.16835379345134863, 0.3495723926044667]","[0.8945707147015541, 0.19392215462105183, 0.4026629289436507]"
7c2c6ca9-8f8e-482e-9dc1-c8e5be0d7b3b,reciprocal_lower,h_XY_0_3,h_XY_0_4,83,509,506,506,0.9941060903732809,164.01790338544322,63.00801606383796,0.8439072309389195,"[-0.7229147282543329, 0.38302066214918323, 0.20704801972189915]","[-0.856628195317189, 0.45386583750803955, 0.24534452618866695]"
e63b1492-a863-42c6-a8c9-9e759cbedbd8,reciprocal_upper,h_XY_3_1,h_XY_3_2,49,509,509,509,1.0,-129.04588231453403,30.292411273163825,0.4032615795912006,"[-0.12813691761542326, 0.34820119797110866, -0.15797707950805165]","[-0.31775136561563794, 0.8634623668441004, -0.3917484022856781]"
72dd88d6-43c8-4af6-98e6-e44f3f800ade,reciprocal_lower,h_XY_3_2,h_XY_3_1,69,509,482,482,0.9469548133595285,-22.07303207733179,76.39942261677035,0.877554965155682,"[0.7904308827070522, 0.20635872423235355, -0.3205273989310992]","[0.9007195151210003, 0.23515190777337192, -0.3652505104044808]"
a52b29b0-66ab-4d37-a2e8-b6c52432cc00,reciprocal_upper,h_XY_3_1,h_XY_2_1,35,509,469,467,0.9214145383104125,38.76412955908253,104.63916888432439,0.6773999615149557,"[0.5110423380221335, -0.171199868358502, 0.41036208606956676]","[0.7544174299615023, -0.25273085043528193, 0.6057899459454084]"
7e80bfa5-4f3d-4531-b490-2b8384d434e0,reciprocal_lower,h_XY_2_1,h_XY_2_2,41,509,509,509,1.0,-153.3752672513852,81.34268794404485,0.9174622329104651,"[-0.8108305115304806, 0.13810036564520364, -0.4064715480780136]","[-0.8837753560255917, 0.15052430573311765, -0.443038997680116]"
5780b6a8-8173-406d-8515-d1d1fb76ba2e,reciprocal_upper,h_XY_2_2,h_XY_1_2,35,509,509,509,1.0,32.89693069728869,107.79464897744738,0.9315634113779242,"[0.7447648475689218, -0.284691723238669, 0.48175339538306655]","[0.7994784235539062, -0.30560638144596786, 0.517145037577721]"
e4a24452-b485-49f2-bfc9-8569c0efd92d,reciprocal_lower,h_XY_1_2,h_XY_1_3,41,509,509,509,1.0,142.961950261801,46.89529440746622,0.8962239292521103,"[-0.5223164204197693, 0.6124200478440986, 0.39413775932102985]","[-0.5827967803265832, 0.6833337382044206, 0.43977598282823555]"
661051fa-8ca3-4a7e-8f97-0dd8be0ff513,reciprocal_upper,h_XY_1_3,h_XY_0_3,35,509,496,495,0.9744597249508841,48.74928746584599,103.5464587858042,0.9586066680544199,"[0.6144784813984495, -0.2245380266879259, 0.7006608412832447]","[0.641012108381835, -0.23423374171144296, 0.7309158851411915]"
d3ae2a98-445c-47cd-b7ac-e120d1425c8c,reciprocal_lower,h_XY_0_3,h_XY_0_4,41,509,509,509,1.0,171.15551963705232,76.89931629484312,0.8846645961279759,"[-0.8513941783487968, 0.2005206692349703, 0.13247966608355982]","[-0.9623920546557442, 0.2266629297844795, 0.14975129180414865]"
00eed7d2-d16f-4b2d-8284-9647c8a9adec,reciprocal_upper,h_XY_3_1,h_XY_2_1,14,509,372,285,0.730844793713163,23.840878879341872,124.62489139791066,0.9129829098676485,"[0.6871782043439041, -0.518758069167021, 0.30366754001570645]","[0.7526736775867158, -0.5682012922259666, 0.33261032242074273]"
6312bfff-39f5-4e72-9961-ab8f1576f44d,reciprocal_lower,h_XY_2_1,h_XY_2_2,20,509,507,507,0.9960707269155207,168.22723494970882,55.12265919829184,0.8261657529671074,"[-0.6635110704009382, 0.47241932111075113, 0.13828555916062132]","[-0.8031210057037488, 0.571821477002763, 0.16738234266426555]"
6ada92de-1c80-4a37-bb77-11f77bbe1c4a,reciprocal_upper,h_XY_2_2,h_XY_1_2,14,509,411,291,0.8074656188605108,28.78286994057495,127.29584914295648,0.8286748487610446,"[0.5777784098703962, -0.5021195889462158, 0.3174114560838341]","[0.6972317438308104, -0.6059307697065224, 0.3830349823678097]"
9ff7f901-d86d-49c8-bf3f-e07ceb0f17cf,reciprocal_lower,h_XY_1_2,h_XY_1_3,20,509,499,496,0.9803536345776032,155.04656114567058,86.99340185991777,0.8134356986230268,"[-0.7364870588277839, 0.042665481129608294, 0.3427011886374354]","[-0.9054029225352409, 0.052450957342826066, 0.4213008959620969]"
6be7b53f-b966-4cb6-85b4-47ff0dc7305f,reciprocal_upper,h_XY_1_3,h_XY_0_3,14,509,507,504,0.9960707269155207,37.01660445542717,83.57966080848541,0.9445526964379284,"[0.7494585013529764, 0.10562148705955653, 0.5650980911038718]","[0.7934533501193889, 0.11182169873409226, 0.5982705816572801]"
7bddc6c5-5d4d-423e-ad67-67e1fe0d0dc4,reciprocal_lower,h_XY_0_3,h_XY_0_4,20,509,503,496,0.9882121807465619,-133.30800679667894,53.105748407322615,0.7765989860443326,"[-0.42601196033298466, 0.46622342831911384, -0.45194635706542124]","[-0.5485610565922958, 0.6003399910343163, -0.5819558938229435]"
bc4ace90-8c94-408f-8a5b-61756940396c,reciprocal_lower,h_XY_3_2,h_XY_3_3,20,509,507,507,0.9960707269155207,175.5936403228926,64.63442645768086,0.876360946749834,"[-0.7895328966469958, 0.37542626622563, 0.060839401117632114]","[-0.9009220453913903, 0.42839228244706257, 0.06942276620525781]"
1620526c-379f-4333-ab8f-61f3a4315e31,reciprocal_upper,h_XY_3_3,h_XY_2_3,14,509,500,498,0.9823182711198428,16.50677557435957,112.16957198663098,0.9183873342279835,"[0.8154399254069176, -0.3465525719183683, 0.24164920570841245]","[0.8879041500418712, -0.3773490323771592, 0.26312340850339366]"
b8c09086-67c2-4e60-a676-ba8c4ef9208b,reciprocal_lower,h_XY_2_3,h_XY_2_4,20,509,501,491,0.9842829076620825,133.8730806453732,105.97444774423691,0.9081317707752591,"[-0.6050884260198618, -0.24992570375113077, 0.6293714740856278]","[-0.666300250131439, -0.2752086335860409, 0.6930398146387307]"
52382c34-09e7-469f-8d47-0640ef24efa3,reciprocal_upper,h_XY_2_4,h_XY_1_4,14,509,509,509,1.0,32.660921559136604,133.15714115947407,0.8446378805448116,"[0.5187211280066111, -0.5777336833396535, 0.33251365647981657]","[0.6141343408278392, -0.6840016256043376, 0.3936759931550043]"
115ac9a6-3bdb-4f84-b7ca-61ccd47060b5,reciprocal_lower,h_XY_1_4,h_XY_1_5,20,509,509,509,1.0,123.12206371326602,83.68550146504263,0.9713082166957844,"[-0.5275266621272688, 0.10683013708076625, 0.8085435018457027]","[-0.5431094405047036, 0.10998582658363906, 0.8324273263086582]"
538af0a3-8ce9-412d-bcac-e11292651aab,reciprocal_upper,h_XY_1_5,h_XY_0_5,14,509,504,480,0.9901768172888016,30.06134295874512,97.16711577465438,0.7483904852217885,"[0.6426631622975171, -0.09337204128503017, 0.37195972914083847]","[0.8587270615914648, -0.12476380062122114, 0.4970129050085487]"
560a0963-0331-4998-ad65-5ec3ab4e6ff2,reciprocal_lower,h_XY_3_2,h_XY_3_3,41,509,509,509,1.0,144.69210122488286,58.432830330430164,0.855265311592928,"[-0.5946688881975694, 0.4477294942327458, 0.42117213418993504]","[-0.6953034106925267, 0.5234977826925443, 0.49244617837417465]"
25ccdd1b-b891-4a53-b44a-b5871d5be831,reciprocal_upper,h_XY_3_3,h_XY_2_3,35,509,509,509,1.0,20.0451689189626,110.8893632174367,0.920382054680479,"[0.8077964012915757, -0.32817562330659883, 0.2947352386559248]","[0.877675088495735, -0.3565645610295267, 0.3202314051616809]"
678bc60c-d525-41c7-8116-4dd040edeeb1,reciprocal_lower,h_XY_2_3,h_XY_2_4,41,509,509,509,1.0,135.1022656916941,112.97466469381314,0.8916869357822496,"[-0.5815388490188752, -0.34804686262995604, 0.579466599503357]","[-0.6521782765704749, -0.39032405731572734, 0.6498543112499554]"
43bfbe75-278c-46f3-a072-43da8e569d31,reciprocal_upper,h_XY_2_4,h_XY_1_4,35,509,506,506,0.9941060903732809,63.041241191416155,113.58900387863471,0.8722677320068805,"[0.36239844853826997, -0.34905813311630285, 0.7125144072247545]","[0.41546698936630083, -0.40017315820362076, 0.8168528779408455]"
8d303cb6-e390-4914-920a-a2b4e16a3d95,reciprocal_lower,h_XY_1_4,h_XY_1_5,41,509,509,509,1.0,153.9862808174705,80.11337238073794,0.7981665190040302,"[-0.7066511457638008, 0.13704453593157784, 0.3448662717938897]","[-0.8853430066768219, 0.17169917889137348, 0.4320730869846826]"
b93aa853-8d24-476a-84aa-8eb2b9d448e3,reciprocal_upper,h_XY_1_5,h_XY_0_5,35,509,398,398,0.7819253438113949,59.33830024303879,90.8795100140826,0.8692855904361344,"[0.4432556255136029, -0.01334331015948525, 0.7476655965499758]","[0.5099079409463287, -0.015349742715498941, 0.8600920166810312]"
2b5a761e-62e3-4cd1-a623-f5f110c0e03c,reciprocal_lower,h_XY_3_2,h_XY_3_3,83,509,434,402,0.8526522593320236,132.65330867577185,82.7168697444645,0.9418348038553545,"[-0.6330013924859995, 0.11939880640650301, 0.6870996724586194]","[-0.67209386390781, 0.1267725570532644, 0.7295331088275891]"
90d965c9-48c1-4470-aaf8-cd1db2f2ff02,reciprocal_upper,h_XY_3_3,h_XY_2_3,77,509,509,509,1.0,3.9448926433561167,113.0785221222069,0.9630461202895392,"[0.883872948055608, -0.37750664930122596, 0.060952204501422295]","[0.9177888051611404, -0.3919922850504074, 0.06329105451678374]"
98c49613-59a6-464d-a8f5-5e21a0afed14,reciprocal_lower,h_XY_2_3,h_XY_2_4,83,509,497,453,0.9764243614931237,143.30498058378336,112.87503097826385,0.9430429879939711,"[-0.6966897711535058, -0.36658199800969393, 0.5192023485211653]","[-0.738767776255349, -0.3887224683038919, 0.5505606373529226]"
e43660fc-5d44-4310-aaf7-de532f779232,reciprocal_upper,h_XY_2_4,h_XY_1_4,77,509,353,304,0.693516699410609,8.399697292264493,124.82015963883218,0.8756883735556399,"[0.7111834161668767, -0.5000202114684201, 0.10501459076151931]","[0.8121421245770248, -0.5710024554033315, 0.1199223307432057]"
f8323f05-3e18-4002-a1ce-f081b72e2930,reciprocal_lower,h_XY_1_4,h_XY_1_5,83,509,508,508,0.9980353634577603,141.17495124389836,71.28609256574886,0.8427816898636389,"[-0.6218689972082142, 0.2704005197403426, 0.5004432894992333]","[-0.7378767297481651, 0.3208428979800132, 0.5937994328996451]"
4606f285-a764-4a8f-af8e-56e86170a48b,reciprocal_upper,h_XY_1_5,h_XY_0_5,77,509,496,459,0.9744597249508841,50.984211411258535,33.42586966243754,0.3953594389600803,"[0.13710428478543302, 0.32996668340182117, 0.1692143283327587]","[0.3467838915040461, 0.834599230183393, 0.4280012354778872]"
262a54da-689c-4410-a918-aab4e7067bae,reciprocal_lower,h_XY_3_2,h_XY_3_3,104,509,495,465,0.9724950884086444,172.96321752610208,75.22330913438662,0.8983072948950237,"[-0.862055253348916, 0.22911544283184404, 0.1064088816364479]","[-0.9596440530405087, 0.255052412614125, 0.11845487868255913]"
f06db6d5-bbe9-4647-abf3-37ad189528e5,reciprocal_upper,h_XY_3_3,h_XY_2_3,98,509,509,509,1.0,56.4348526989859,104.95783361716066,0.9353079490787074,"[0.49959554532098965, -0.2414105665236752, 0.7529450106587858]","[0.5341508599527021, -0.25810810948572427, 0.805023641037637]"
6a2c3306-82b8-4d8d-a582-ce9a16445898,reciprocal_lower,h_XY_2_3,h_XY_2_4,104,509,509,509,1.0,159.32547292967453,73.13296629726408,0.9084905686608629,"[-0.8134190043979252, 0.26360001321991094, 0.30695222700037345]","[-0.895352172556865, 0.290151623267222, 0.3378705708005626]"
0b14310f-f609-4f17-827d-617d2892f883,reciprocal_upper,h_XY_2_4,h_XY_1_4,98,509,400,398,0.7858546168958742,37.23967148198278,126.83070957822957,0.8772065464976312,"[0.5589695549848399, -0.5258438249099958, 0.42489131977763045]","[0.6372154394157264, -0.5994526910560577, 0.4843686147510731]"
6b5b9100-ebd4-4963-a459-0b5f8b28a421,reciprocal_lower,h_XY_1_4,h_XY_1_5,104,509,509,509,1.0,138.21381614941558,65.88037971998233,0.9528182760360971,"[-0.6484293928850682, 0.38936254353612854, 0.5794814917511849]","[-0.6805383662272476, 0.40864302598807173, 0.6081762979630666]"
e97650b7-c5d1-4327-8c68-046d743c29ba,reciprocal_upper,h_XY_1_5,h_XY_0_5,98,509,509,509,1.0,42.72748768796655,90.46778677349334,0.8968179381690475,"[0.6587707819018043, -0.007321916423566795, 0.608481602576572]","[0.734564680147631, -0.00816432869141232, 0.6784895536532801]"
b67e23a7-323c-42bb-a676-98ce2f095bea,reciprocal_lower,h_XY_3_2,h_XY_3_3,125,509,508,508,0.9980353634577603,173.37401069626992,53.74980718548997,0.8852729161700452,"[-0.7091531842603497, 0.5234728192932355, 0.08237781751669668]","[-0.8010560035298018, 0.5913123622463625, 0.09305358382936608]"
97ccf4ef-a0ea-4bb8-9b30-55e35077891a,reciprocal_upper,h_XY_3_3,h_XY_2_3,119,509,364,327,0.7151277013752456,-11.108289299832434,113.9752210952495,0.8963498134904768,"[0.8036695057325539, -0.3642241464494892, -0.15779443856849326]","[0.8966025246359829, -0.4063415208747169, -0.17604113504974778]"
f76d1897-7304-4ff3-b267-7cf8c6711069,reciprocal_lower,h_XY_2_3,h_XY_2_4,125,509,508,508,0.9980353634577603,142.6545303765002,60.89037451832637,0.8181711102361661,"[-0.5682830357963068, 0.3980256523132393, 0.43362880087908656]","[-0.6945772451342986, 0.4864821641017717, 0.5299976929690405]"
cfe2bf6e-c11b-49a1-a6fd-7651f3049367,reciprocal_upper,h_XY_2_4,h_XY_1_4,119,509,506,506,0.9941060903732809,0.44428776194812997,103.92138248028552,0.8918037331772989,"[0.8655825460850495, -0.21455932054497834, 0.00671210765463902]","[0.9705975809286769, -0.24059029196990583, 0.007526440409399576]"
6a1557ef-88ea-497f-8744-9770f0b91d64,reciprocal_lower,h_XY_1_4,h_XY_1_5,125,509,506,504,0.9941060903732809,132.2037885170126,55.83755521827657,0.9404767418016932,"[-0.5227686427339475, 0.5281163789938454, 0.5764568832813639]","[-0.5558549398387752, 0.5615411370855601, 0.6129411368292129]"
d7b6ec0e-91f3-470a-8b7c-1344edc44046,reciprocal_upper,h_XY_1_5,h_XY_0_5,119,509,509,509,1.0,50.31760169893955,103.16442941310412,0.9314863737555542,"[0.5791526992155887, -0.21214267305318762, 0.6980290121144094]","[0.6217511232940194, -0.2277464051329851, 0.7493711467835062]"
a428cf6d-fed4-4dbb-89a6-98772c2e2893,reciprocal_upper,h_XY_3_3,h_XY_3_4,49,509,509,509,1.0,-148.49346578213473,90.91299884956554,0.8440915985469171,"[-0.7195647319764307, -0.013449891970889733, -0.44106272075425823]","[-0.8524723302721454, -0.015934161640802243, -0.5225294523882679]"
2b1edf52-30de-4c06-8099-1ff41365a15e,reciprocal_lower,h_XY_3_4,h_XY_3_3,69,509,509,509,1.0,-18.98803095239527,85.84422616574632,0.8662270016065732,"[0.8169389854594094, 0.06277404682631904, -0.2811037733540983]","[0.9431003466115113, 0.07246835611207376, -0.32451513613953503]"
4fb04c20-5a73-4f40-a033-4c1426088510,reciprocal_lower,h_XY_3_4,h_XY_3_5,20,509,509,509,1.0,116.48002020061296,59.580943084114566,0.8372925754407866,"[-0.32194523474510334, 0.4239384902956196, 0.6462865302317978]","[-0.38450745198071007, 0.5063206132843591, 0.7718765807657675]"
03b5f3d3-c4e9-49d4-a161-59ab22303ccf,reciprocal_upper,h_XY_3_5,h_XY_2_5,14,509,509,509,1.0,31.288315427363695,112.35929338298921,0.9177184026481331,"[0.7252871904675721, -0.34911239899407687, 0.44077895908413917]","[0.7903156222809863, -0.3804134231009115, 0.4802987036243844]"
8810a0e8-ad0f-4527-b97a-72ce17aadae4,reciprocal_lower,h_XY_2_5,h_XY_2_6,20,509,508,505,0.9980353634577603,165.35626632799728,72.69335373790375,0.7943944267700251,"[-0.7337928021158588, 0.23632092137187713, 0.1917369316750949]","[-0.9237134317513153, 0.2974856235242589, 0.24136238273308303]"
cb8a5808-972d-4666-9942-7e5844d728a2,reciprocal_upper,h_XY_2_6,h_XY_1_6,14,509,495,480,0.9724950884086444,37.124838841140736,121.80745506604434,0.9213242517769828,"[0.6242743564243542, -0.48559903377212915, 0.472560560376075]","[0.677583766215097, -0.5270663752045398, 0.5129144917922597]"
aec6e8d3-9ed2-4b80-b2fe-549473cbfe29,reciprocal_lower,h_XY_3_4,h_XY_3_5,41,509,509,509,1.0,151.4517973769123,105.16121780311356,0.809338460738181,"[-0.6861903458560965, -0.21167107983712286, 0.37331877429955923]","[-0.8478410197264521, -0.2615359211325037, 0.4612640970491663]"
cd95dfb1-01a6-43fd-901c-97f9a860074f,reciprocal_upper,h_XY_3_5,h_XY_2_5,35,509,509,509,1.0,49.57497986129067,115.24077274771683,0.9293159258167676,"[0.5450815584314298, -0.3962817552419683, 0.6399023012124464]","[0.586540640581794, -0.42642307554740305, 0.6885734801650385]"
a4bcab79-4f61-41e9-8e6d-8cfda4ac41c0,reciprocal_lower,h_XY_2_5,h_XY_2_6,41,509,507,507,0.9960707269155207,131.03713001647893,81.86359796961919,0.9001006238940531,"[-0.5850106088632614, 0.12739142169798626, 0.6720975720307771]","[-0.6499391216199406, 0.1415302004201043, 0.7466915966829579]"
68d2db72-e848-4019-b689-a6851ba9552c,reciprocal_upper,h_XY_2_6,h_XY_1_6,35,509,509,509,1.0,33.52066971890708,76.76227775660033,0.8598686988291689,"[0.6978128778442851, 0.19690288357677962, 0.46223437905460263]","[0.8115342246955316, 0.22899180287047352, 0.537563909099144]"
2792a370-9500-4b93-bf07-975b779c92de,reciprocal_lower,h_XY_3_4,h_XY_3_5,83,509,495,467,0.9724950884086444,167.05832087898298,44.90349168485749,0.8761905737130538,"[-0.6028046300681047, 0.6206029967327402, 0.13852227213848356]","[-0.6879834686118399, 0.7082968196094556, 0.15809605386584383]"
30889ac1-4071-4294-a563-4da7afff7ec7,reciprocal_upper,h_XY_3_5,h_XY_2_5,77,509,501,477,0.9842829076620825,24.884326953887594,115.01130872863658,0.9302780246264494,"[0.7647719995697221, -0.3933188841220893, 0.35474109878892285]","[0.822089718691156, -0.42279713559828036, 0.3813280432281179]"
72d45acb-11a6-41d0-8a81-9378e417a56c,reciprocal_lower,h_XY_2_5,h_XY_2_6,83,509,509,509,1.0,109.9240433492634,92.05317968655973,0.9089452318925695,"[-0.30954613710367773, -0.032564850586326625, 0.8539918934572612]","[-0.34055532307392505, -0.0358270767519418, 0.9395416395761419]"
df6af4a5-573c-4182-9124-3bde6c856d82,reciprocal_upper,h_XY_2_6,h_XY_1_6,77,509,505,505,0.9921414538310412,40.747704843798395,110.01027089132603,0.9093200084590248,"[0.6473052098185238, -0.3111589296864505, 0.5577086726975835]","[0.711856336379837, -0.342188587946893, 0.6133249763663532]"
8c4dd7f9-d9db-468e-96b6-47c3d9408369,reciprocal_lower,h_XY_3_4,h_XY_3_5,104,509,509,509,1.0,120.2707115021711,83.77233030681595,0.966257938510969,"[-0.4842029059166362, 0.1048191255572657, 0.8295871868313558]","[-0.5011114389008867, 0.10847944568382534, 0.858556658390588]"
e9d62497-6f50-4daf-8d50-e4e3fde2a3dd,reciprocal_upper,h_XY_3_5,h_XY_2_5,98,509,509,509,1.0,23.164856132909758,72.69815741305723,0.9473883347685313,"[0.8315948724746441, 0.2817585755537832, 0.355818394734272]","[0.877776136728369, 0.2974055782760121, 0.37557818866453174]"
3e7978a9-ef14-465e-81e6-9497ec8a0872,reciprocal_lower,h_XY_2_5,h_XY_2_6,104,509,509,509,1.0,127.10722659936856,75.45968595254088,0.9621063641491141,"[-0.5618560207459958, 0.24154752361835233, 0.7427120988118777]","[-0.5839853488994439, 0.251061143153311, 0.771964645997048]"
c39b46d1-4349-4e75-b31c-272c503719cf,reciprocal_upper,h_XY_2_6,h_XY_1_6,98,509,506,498,0.9941060903732809,29.037965386005183,126.75831036112159,0.8828370334899269,"[0.6183910934352241, -0.5283257100063181, 0.34331563816348654]","[0.700458940865534, -0.5984408106644591, 0.38887770351718454]"
481ace58-83fe-45ed-b8fd-7aec96e1baa4,reciprocal_lower,h_XY_3_4,h_XY_3_5,125,509,509,509,1.0,163.16501474590734,83.15837770228063,0.9385747412546096,"[-0.8919531451985386, 0.11180797224412863, 0.26989092062210646]","[-0.9503272419266781, 0.11912527295873412, 0.2875539994410445]"
72258902-2503-4a02-98b8-ea9fe7dc047c,reciprocal_upper,h_XY_3_5,h_XY_2_5,119,509,509,509,1.0,21.657330488580502,112.05366888298127,0.8400141328656076,"[0.7235926156588534, -0.3154042400693125, 0.2873284450315302]","[0.8614052875401083, -0.3754749208722819, 0.3420519176877937]"
e8f1710a-ff05-4481-8f87-3955e2f7199e,reciprocal_lower,h_XY_2_5,h_XY_2_6,125,509,509,509,1.0,171.4500112114828,54.347705791297585,0.872381302992777,"[-0.7009920953725822, 0.5084803969912426, 0.10538930644121589]","[-0.8035386510093352, 0.5828648496326756, 0.12080647083983695]"
51b9ecd3-7362-4356-81ee-2c443729a022,reciprocal_upper,h_XY_2_6,h_XY_1_6,119,509,345,301,0.6777996070726916,42.47475937741268,106.24246308706675,0.816491976655835,"[0.5781872024957223, -0.2283750290672329, 0.5293425666919899]","[0.7081358041800304, -0.27970272286398323, 0.6483132496415414]"
33f45a0e-4ccc-4e5d-8024-2f8e181cf5f0,reciprocal_upper,h_XY_3_5,h_XY_3_4,126,509,504,475,0.9901768172888016,4.811719360665971,88.82337254216996,0.5759294742085733,"[0.5737787284913525, 0.011826469748511221, 0.04829973712452415]","[0.996265609222073, 0.020534579802089198, 0.0838639786423439]"
103ec715-1493-48b4-8835-2f41094f96a1,unpaired,h_XY_3_4,h_XY_3_3,132,509,509,509,1.0,-39.50516849751317,94.64693755988799,0.9092377095925624,"[0.6992319300030805, -0.07366232356504158, -0.5765082676738429]","[0.7690309394629185, -0.0810154734981794, -0.6340567066143588]"
641d2e2b-34ed-4651-9c49-65ae108c9f55,reciprocal_upper,h_XY_3_3,h_XY_3_2,126,509,509,509,1.0,30.1719434901633,94.79963944010517,0.8481703722370737,"[0.7306898484350456, -0.07096774874517503, 0.4247927781551707]","[0.8614894747005016, -0.08367157244363012, 0.5008342569603882]"
fc8ea2be-b9cc-411a-a95c-7438da9c2ab9,unpaired,h_XY_3_2,h_XY_3_1,132,509,496,469,0.9744597249508841,-10.631220142634982,151.34752380328155,0.8162158289322647,"[0.3846541373135859, -0.7162654517661482, -0.07220302385191797]","[0.4712652262781676, -0.8775441817921286, -0.08846070033507017]"
44cc40b3-2856-428f-b0ba-244dad2e91ae,reciprocal_upper,h_XY_3_5,h_XY_3_4,105,509,509,509,1.0,13.687732654768254,123.09790094283187,0.960529280084053,"[0.78181971518222, -0.5245174442688321, 0.19040977261914396]","[0.8139467805851847, -0.5460712704384536, 0.198234219994295]"
47e1713c-7979-4dda-b198-6c16760d0e1a,reciprocal_lower,h_XY_3_4,h_XY_3_3,111,509,351,236,0.6895874263261297,-48.19587199927465,75.20677620650883,0.9631379365824628,"[0.6207339640107113, 0.2459193700084916, -0.6941525007248045]","[0.6444912410088259, 0.2553314127373034, -0.7207197166253163]"
bd2ad03e-12a1-4905-8e87-8052564ae775,reciprocal_upper,h_XY_3_3,h_XY_3_2,105,509,509,509,1.0,24.57191800102238,77.14420930486231,0.8399854924342213,"[0.7447674620122218, 0.1868950298598986, 0.34053972285403455]","[0.886643244104057, 0.22249792590856468, 0.4054114337941402]"
e480da35-f7b3-4317-ac15-d1bd0b0d0629,reciprocal_lower,h_XY_3_2,h_XY_3_1,111,509,509,509,1.0,34.14601472485853,16.57196488134434,0.9155733169062019,"[0.21612144030856875, 0.8775424600084958, 0.14657848597871323]","[0.23605039194333557, 0.9584622485218163, 0.16009475513551888]"
f2d53620-5a3c-4a20-97be-f819d9aedf83,reciprocal_upper,h_XY_3_5,h_XY_3_4,84,509,482,421,0.9469548133595285,40.46088913900179,125.93711071986924,0.8832952215137347,"[0.5441366775492615, -0.5184032282753932, 0.4640946211800985]","[0.6160303648159162, -0.5868969011142017, 0.5254128063602143]"
dbc17770-0f73-443d-a4cd-51b94aa7821a,reciprocal_lower,h_XY_3_4,h_XY_3_3,90,509,509,509,1.0,-27.731329582228838,59.729434083888314,0.8200254813714332,"[0.6268723025484779, 0.4133617347970737, -0.32955270079544785]","[0.7644546624332691, 0.5040840122501513, -0.40188104916483186]"
d278c588-9d64-44a1-92a4-e9eaff5f0fba,reciprocal_upper,h_XY_3_3,h_XY_3_2,84,509,507,507,0.9960707269155207,41.39401443620438,113.11980175161253,0.8331390193086335,"[0.5748076610329806, -0.3271361922762181, 0.506654408858112]","[0.6899300689457266, -0.3926549887768869, 0.608127091777013]"
1bbd08be-708f-49e6-826e-4e2a62371e01,reciprocal_lower,h_XY_3_2,h_XY_3_1,90,509,507,507,0.9960707269155207,-51.595372703280574,78.4308923376342,0.8516734696993498,"[0.5183201699548433, 0.17080288559963344, -0.6538488163777235]","[0.6085902501316803, 0.20054973141282512, -0.7677224190258497]"
67f97e34-c7ff-4cde-b0a5-48dac6180efa,reciprocal_upper,h_XY_3_5,h_XY_3_4,42,509,483,462,0.9489194499017681,31.673703807885865,82.03807053444862,0.7229050223117415,"[0.6092992841867735, 0.10013324739809164, 0.375924708337371]","[0.8428483208462518, 0.13851508055357062, 0.5200195001208048]"
384f24bb-8c82-416e-91a5-59246a53f153,reciprocal_lower,h_XY_3_4,h_XY_3_3,48,509,507,488,0.9960707269155207,-19.202222144757755,41.265302989517004,0.7771094156906602,"[0.4840240061673895, 0.5841249212991667, -0.168576041375969]","[0.6228518100468652, 0.7516636776045527, -0.2169270349480274]"
518c5c21-e68c-4553-9dfe-d659bc024d5a,reciprocal_upper,h_XY_3_3,h_XY_3_2,42,509,113,72,0.2220039292730845,23.312265699900106,120.17758248832062,0.9035940885688138,"[0.7173611286060112, -0.4542202599957165, 0.3091265816312779]","[0.7938975450162875, -0.502681752505871, 0.34210779546034636]"
f96ab93c-ef8e-428b-ab94-8cd8bb8d7d7a,reciprocal_lower,h_XY_3_2,h_XY_3_1,48,509,466,458,0.9155206286836935,30.72645796844286,33.52927914902649,0.8728808619903105,"[0.4144615904381538, 0.72763668453916, 0.24634821816543037]","[0.4748203431715915, 0.8336036637119411, 0.28222433197093627]"
5f63d842-e359-4ff4-b838-b16bea4f60ad,reciprocal_upper,h_XY_3_5,h_XY_3_4,21,509,428,335,0.8408644400785854,-12.980591407182505,121.12108895142184,0.9453287356581562,"[0.7885940779088007, -0.4885917026356053, -0.18177994076315698]","[0.8342008955855618, -0.5168484614988862, -0.19229283307102504]"
9765a4d6-1b29-444b-b73a-21ed7589c99e,reciprocal_lower,h_XY_3_4,h_XY_3_3,27,509,509,509,1.0,-3.3749646231236627,51.93315291458432,0.8320775006199029,"[0.6539517425331095, 0.5130427028045448, -0.03856514715104614]","[0.7859264816629598, 0.6165804296142183, -0.046348023017465156]"
f258b62b-4ea3-4e98-b8a3-7c4ea84420dc,reciprocal_upper,h_XY_3_3,h_XY_3_2,21,509,506,506,0.9941060903732809,60.69560012583488,85.64319094312947,0.9347415679282234,"[0.4561866546616964, 0.07100989027228957, 0.8127688050146862]","[0.48803505729695534, 0.07596740394211532, 0.8695117804765229]"
5ce5092e-3f86-4673-8397-74863ae859c0,reciprocal_lower,h_XY_3_2,h_XY_3_1,27,509,509,509,1.0,15.123736043778356,12.535306563480859,0.8199835031177192,"[0.1718061249468137, 0.8004371039380955, 0.046433214999189676]","[0.20952387980194367, 0.9761624482623067, 0.05662701118088664]"
9b1e03a2-113d-4165-9ed2-4a79948a9e27,unpaired,h_XY_3_5,h_XY_3_4,0,509,452,409,0.888015717092338,22.94648734589329,109.33410447107157,0.900808765504127,"[0.782745238106541, -0.29823626894569727, 0.3313931986567521]","[0.8689360806435834, -0.33107611778044016, 0.3678840741200956]"
369f2d55-4493-4d4a-8353-1cb4367af9ac,reciprocal_lower,h_XY_3_4,h_XY_3_3,6,509,501,501,0.9842829076620825,-37.10575833772116,43.99905752843358,0.8708014357964705,"[0.48242120885555395, 0.6264120811724718, -0.3649285168258478]","[0.5539967999872575, 0.7193512268379872, -0.4190720201237028]"
a3bd728e-b664-4b9d-8539-98915e6b85e6,unpaired,h_XY_3_3,h_XY_3_2,0,509,137,82,0.2691552062868369,47.27231037066808,138.96366692444298,0.8809928024068405,"[0.3924561897456728, -0.6645270568468505, 0.42488851213162887]","[0.44547037010233986, -0.7542934006173337, 0.48228374961844045]"
80c2fe63-0b54-49d1-8810-847fcc0d93a1,reciprocal_lower,h_XY_3_2,h_XY_3_1,6,509,498,484,0.9783889980353635,1.6671331612018014,56.748669973888255,0.6285207127970563,"[0.5253926850620555, 0.3446258528134414, 0.015291647092833044]","[0.8359194444427165, 0.5483126423626996, 0.024329583387605203]"
2b62857e-62d9-4b38-85b8-19f197b0a60a,reciprocal_lower,h_XY_0_1,h_XY_1_1,34,509,508,508,0.9980353634577603,177.7615406641277,100.18328421338077,0.6489620115971765,"[-0.6382516555489576, -0.11473492493074346, 0.024948220104955777]","[-0.9834961741106242, -0.17679759813423668, 0.03844326733941652]"
4ad1c9d9-edf8-4568-9150-c4480110a245,reciprocal_upper,h_XY_1_1,h_XY_1_2,28,509,466,453,0.9155206286836935,-146.767574360618,55.25231063259418,0.537675922890023,"[-0.36953892853318976, 0.30645571896453433, -0.24211829891214406]","[-0.6872893369427959, 0.5699636266346582, -0.450305264946125]"
fd5d07f5-4837-4ee2-ab8e-f690f5bc9ad1,reciprocal_lower,h_XY_1_2,h_XY_2_2,34,509,509,509,1.0,174.18504684437855,84.92365613745301,0.8360478862461147,"[-0.8284834646942173, 0.0739760638857719, 0.08437273728420845]","[-0.9909521671230318, 0.08848304636942161, 0.10091854626060369]"
bd7a6687-878f-45a2-892c-d92615a93f6b,reciprocal_upper,h_XY_2_2,h_XY_2_3,28,509,509,509,1.0,-125.43519880731957,117.2733198764431,0.8947443664353145,"[-0.46108672675984064, -0.41000382434057714, -0.647968653331108]","[-0.5153278903524394, -0.4582357148266195, -0.7241941694616446]"
393bdf1c-4f8d-4630-85a0-16d89f7209ba,reciprocal_lower,h_XY_2_3,h_XY_3_3,34,509,509,509,1.0,161.76482455544178,82.54744246722528,0.737832828842887,"[-0.6948591942502342, 0.0957007577284754, 0.22893088139088605]","[-0.9417569496602007, 0.12970520419721493, 0.3102747295073722]"
0328fb72-1c1e-467a-b86d-63944a9690bd,reciprocal_upper,h_XY_3_3,h_XY_3_4,28,509,492,492,0.9666011787819253,-157.76911081633415,76.5620624490813,0.8329663701418127,"[-0.7499396522893217, 0.1935746888459868, -0.30651644580605797]","[-0.9003240456894367, 0.23239196177035415, -0.367981777888432]"
4114d449-4578-4954-b979-2efd4e01f5a0,reciprocal_lower,h_XY_0_1,h_XY_1_1,55,509,467,453,0.9174852652259332,178.19299680559388,48.183839409868625,0.8793917236814501,"[-0.6550741518067666, 0.5863280204225064, 0.02066668288579885]","[-0.744917349306394, 0.6667427093445073, 0.023501111426521823]"
4434b70e-ed5f-4189-a55d-a0d966039386,reciprocal_upper,h_XY_1_1,h_XY_1_2,49,509,509,509,1.0,-139.55149213904994,92.02342183001831,0.8192040957370748,"[-0.6230168618476456, -0.028924485084769445, -0.5311390726434]","[-0.760514827855065, -0.03530803280316218, -0.6483598841940729]"
9c73f442-3739-40a5-bc92-7e39b56079d7,reciprocal_lower,h_XY_1_2,h_XY_2_2,55,509,509,509,1.0,-143.7135577225117,149.2043010621046,0.4313421424288567,"[-0.17801040266370408, -0.37052218103508844, -0.13069680080102647]","[-0.4126895685669391, -0.8589983323880773, -0.30300030519875043]"
8f326290-011a-45f0-87fd-80272646aa3a,reciprocal_upper,h_XY_2_2,h_XY_2_3,49,509,509,509,1.0,-143.5971369948159,122.56162694395299,0.8967886475994222,"[-0.6083365770922753, -0.48265742848233856, -0.4485513283512503]","[-0.6783499977622456, -0.5382064433736365, -0.5001750741960879]"
7b1e185a-d2c0-49f0-a946-6f539e69c6ef,reciprocal_lower,h_XY_0_1,h_XY_1_1,76,509,508,508,0.9980353634577603,168.21187825270346,100.1871697882081,0.9196482750908536,"[-0.8860604054236308, -0.16265299027396377, 0.18491596083905498]","[-0.9634774831019995, -0.17686434551067365, 0.2010724815645273]"
3bc48f43-04a8-4de5-8c6a-ff921b1eeca3,reciprocal_upper,h_XY_1_1,h_XY_0_1,56,509,508,508,0.9980353634577603,42.972549673797,114.53668197336113,0.9516516036329097,"[0.6334253960145597, -0.3951978183399834, 0.5901116222887025]","[0.6656063979679873, -0.4152757341356061, 0.6200920799544329]"
53c91750-ab69-4c1f-abc4-02721c5af1b6,reciprocal_lower,h_XY_0_1,h_XY_1_1,97,509,508,508,0.9980353634577603,107.00056344651631,132.2818636324615,0.8886838565829364,"[-0.19223692490600394, -0.597887265339324, 0.6287565344383064]","[-0.21631643635923686, -0.6727783574670192, 0.7075142974419809]"
156d78a7-3d3f-40ae-af39-69921b059b1a,reciprocal_upper,h_XY_1_1,h_XY_1_2,91,509,509,509,1.0,-132.75227175067891,78.83914188785681,0.8804253955944334,"[-0.5863558926151671, 0.17041880364318188, -0.6342657769168316]","[-0.6659915712895575, 0.19356416170630888, -0.7204083163555236]"
6a1d297e-9af2-4587-a1be-cdc2f0e075c1,reciprocal_lower,h_XY_1_2,h_XY_2_2,97,509,509,509,1.0,129.01815766468786,90.65443473872948,0.9316572615627986,"[-0.5865020764904272, -0.010641195990595079, 0.7238006163599199]","[-0.6295255784370805, -0.011421792572887928, 0.7768958030185781]"
41012d99-60f9-4444-8aa0-947d89957b97,reciprocal_upper,h_XY_2_2,h_XY_2_3,91,509,509,509,1.0,-168.21487212774468,112.0652974665542,0.8771918689264017,"[-0.7958066309295239, -0.3295285469144064, -0.1660370978055026]","[-0.9072207109073122, -0.3756630203580405, -0.18928253177804305]"
61ec0055-1ec8-49ea-b3be-4b5aca9dbeac,reciprocal_lower,h_XY_2_3,h_XY_3_3,97,509,509,509,1.0,-174.97306765763128,62.74947318258687,0.8978910100452107,"[-0.7951663970216545, 0.4111282116809934, -0.06994469620777138]","[-0.8855934496789496, 0.4578820893421043, -0.07789887127197044]"
d085cfc1-9eb4-469a-a5f9-65f9e08ee4fd,reciprocal_upper,h_XY_3_3,h_XY_3_4,91,509,509,509,1.0,-170.8475797637763,84.27920453263702,0.8021791813203946,"[-0.7880219693666553, 0.07996194114377068, -0.12696024065776207]","[-0.9823515589990301, 0.09968089799108544, -0.1582691792733692]"
3dad1467-f378-40a5-b1d3-3f9a893e5245,reciprocal_lower,h_XY_0_1,h_XY_1_1,118,509,509,509,1.0,112.68454624885948,70.37991148959195,0.8864329239763669,"[-0.322010819472746, 0.29764808223805844, 0.7703752202607428]","[-0.3632658611418309, 0.3357818444997131, 0.8690733381212742]"
2373e03e-d887-406e-9987-5023792ebf08,reciprocal_upper,h_XY_1_1,h_XY_1_2,112,509,504,488,0.9901768172888016,-144.05914965381763,116.0147937123213,0.790746774299334,"[-0.5753418168376304, -0.3468240655086677, -0.4171034912906098]","[-0.7275929988426827, -0.4386031998878301, -0.5274804840781012]"
6c9054f4-dc3c-4e59-9322-671fb982cc65,reciprocal_lower,h_XY_1_2,h_XY_2_2,118,509,509,509,1.0,175.83604739087707,69.75914743479585,0.9144358405801167,"[-0.8557015779207767, 0.3163648692903479, 0.06229755661547661]","[-0.9357699468318312, 0.3459672677414377, 0.06812676608995896]"
67a50056-e00d-4e9b-b8c0-8ea7a7756982,reciprocal_upper,h_XY_2_2,h_XY_2_3,112,509,498,498,0.9783889980353635,-159.65935004935076,97.97792307243955,0.8907782813552332,"[-0.827147936331924, -0.12363247648325339, -0.30663862886896737]","[-0.9285676959630158, -0.1387915254233169, -0.3442367593453741]"
f8609418-c72e-4722-8324-0942958d75d2,reciprocal_lower,h_XY_2_3,h_XY_3_3,118,509,509,509,1.0,128.8519303015601,74.67469016516341,0.9264743389381556,"[-0.5605199838521909, 0.24486634113739517, 0.6958538089219723]","[-0.6050032475746822, 0.26429910775298937, 0.7510772610491291]"
c5e42cd5-3af5-4541-af17-83edb9b0d49c,reciprocal_upper,h_XY_3_3,h_XY_3_4,112,509,467,464,0.9174852652259332,-161.8118464315445,102.38420321090027,0.9614625209813273,"[-0.8921705230817903, -0.20620106392562879, -0.2931263519912065]","[-0.9279306302768688, -0.21446604462040536, -0.3048754845815767]"
2ea7b85e-997c-43a7-997e-0f8f3805b59d,reciprocal_upper,h_XY_0_2,h_XY_0_3,112,509,484,478,0.9508840864440079,-148.13182874251316,72.02877597826152,0.8502819811962427,"[-0.6868839926922571, 0.2623454081429349, -0.4270184011918783]","[-0.807830823047544, 0.30853930101382016, -0.5022079858626614]"
12cadc63-992f-4bc8-afab-1368b64e9585,reciprocal_lower,h_XY_0_3,h_XY_1_3,118,509,509,509,1.0,154.95790338324977,90.92300150171202,0.6951854233586713,"[-0.6297542083176533, -0.011198546253317615, 0.294222709046044]","[-0.9058794778450645, -0.016108718446963006, 0.4232291114859062]"
204af187-15ba-40eb-bf2b-f449ef24da8c,reciprocal_upper,h_XY_1_3,h_XY_1_4,112,509,509,509,1.0,-109.24569080161179,114.85775415772325,0.9731450939665834,"[-0.2910499548751131, -0.40907799524113214, -0.8336405049467794]","[-0.29908176764143185, -0.4203669090841446, -0.8566456431988194]"
86d63cea-bcab-40d3-bfa8-e1a043228b54,reciprocal_lower,h_XY_1_4,h_XY_2_4,118,509,499,476,0.9803536345776032,164.14175864009422,70.61215102451146,0.83864137341337,"[-0.7609764957228092, 0.27839630452716774, 0.2161703582448648]","[-0.9073920269704135, 0.3319610901070403, 0.25776257301142413]"
78e6c51f-594a-41dd-8c69-dba85c5760a3,reciprocal_upper,h_XY_2_4,h_XY_2_5,112,509,452,364,0.888015717092338,-161.1787910401233,114.03113539679921,0.8763833051945774,"[-0.7576235146633188, -0.35689221783766173, -0.25822906981958216]","[-0.8644887575706486, -0.40723301747335705, -0.29465311387036214]"
91323e36-b0ea-4135-b6d3-6df4cde066a8,reciprocal_lower,h_XY_2_5,h_XY_3_5,118,509,507,486,0.9960707269155207,169.7934188751282,72.39285869981646,0.9396320111455406,"[-0.8814402026015116, 0.28422805925756495, 0.15870064882632895]","[-0.9380695763301155, 0.3024886933247962, 0.16889659669305118]"
f5d35f68-8e24-4160-a70f-dbe0b8adbd27,reciprocal_upper,h_XY_0_2,h_XY_0_3,91,509,508,508,0.9980353634577603,-167.01248224870284,119.07712607156793,0.7829377619806689,"[-0.6667571742860747, -0.3804971902124329, -0.1537800309331196]","[-0.8516094211618027, -0.4859865096426752, -0.1964141192322724]"
196acc86-5acb-480d-a74d-6ef9f23ef258,reciprocal_lower,h_XY_0_3,h_XY_1_3,97,509,509,509,1.0,171.5397571968016,42.20619341627195,0.9147202740086526,"[-0.6078227085072058, 0.6775625615255049, 0.09040857218441985]","[-0.6644902554127232, 0.7407319819819536, 0.09883739844118142]"
b581c73a-2329-436e-9fa6-63353ad48b3f,reciprocal_upper,h_XY_1_3,h_XY_1_4,91,509,509,509,1.0,-142.24880193409794,108.51008118644137,0.7699873482218839,"[-0.5773159793882245, -0.24444904530550848, -0.44702510065320633]","[-0.7497733316286411, -0.3174715089410361, -0.5805616179090635]"
bae28c32-9558-4e7b-979f-57ee13572012,reciprocal_lower,h_XY_1_4,h_XY_2_4,97,509,479,365,0.9410609037328095,115.24806511595011,95.17647084110891,0.87673426727438,"[-0.37243546700682495, -0.07910212305755561, 0.789745308600399]","[-0.42479857456086945, -0.0902236013923248, 0.9007807018374963]"
b3e43ba8-67cc-4567-9bae-1e9eb834dcf9,reciprocal_upper,h_XY_2_4,h_XY_2_5,91,509,509,509,1.0,-174.9134134508328,89.09809632277276,0.8755589254416224,"[-0.8720027964653438, 0.013781769097261951, -0.07761841094520305]","[-0.9959384470045978, 0.015740538639715855, -0.0886501281522008]"
20413af3-cae5-4f43-a85a-af74fa44a003,reciprocal_lower,h_XY_2_5,h_XY_3_5,97,509,497,497,0.9764243614931237,-164.37763369627194,60.20347047889884,0.8587937750071334,"[-0.7177257598199103, 0.426753003655594, -0.20069468242298785]","[-0.8357370310630728, 0.49692139844871286, -0.23369368556650383]"
83796f86-becf-4926-85f9-5ea2a856d786,reciprocal_upper,h_XY_0_2,h_XY_0_3,49,509,505,505,0.9921414538310412,-119.13496884558458,124.75694049706959,0.9503157216725884,"[-0.38012671800238196, -0.5417714655684924, -0.6819731139968773]","[-0.4000004517796947, -0.5700962882261444, -0.7176279403192248]"
b77ca303-ac3c-4cae-aac1-81546006b401,reciprocal_lower,h_XY_0_3,h_XY_1_3,55,509,509,509,1.0,137.33679572847944,62.27332446978429,0.8489577144447983,"[-0.5525992723255984, 0.3949811534773861, 0.5092672515862653]","[-0.650914954800767, 0.46525421320388854, 0.599873518929404]"
37b808f7-0aba-4bb8-ad6d-5665602767ff,reciprocal_upper,h_XY_1_3,h_XY_1_4,49,509,509,509,1.0,-126.76200145367318,95.7704041741411,0.8480422902468925,"[-0.5049750305713461, -0.08526419313640181, -0.6759481946979822]","[-0.5954597269250942, -0.10054238346012043, -0.7970689698755375]"
b41e656a-f30c-4af9-a0ec-e64fb1124bec,reciprocal_upper,h_XY_0_2,h_XY_0_3,28,509,479,479,0.9410609037328095,176.6053313135526,117.29755303977777,0.873533246983213,"[-0.7748917464850585, -0.40061248305226743, 0.04596469555068852]","[-0.88707756592114, -0.4586116034344439, 0.052619285767805286]"
830ddc91-3b4d-462c-b82a-c48937bdad2a,reciprocal_lower,h_XY_0_3,h_XY_1_3,34,509,491,461,0.9646365422396856,172.4227352347581,66.76533471853496,0.856701143412586,"[-0.7803459121434002, 0.33796683263021426, 0.10380523381514896]","[-0.9108729667792527, 0.3944979357491647, 0.12116854823100956]"
ae35b8d6-1ffe-4316-beb0-1d202775f3ee,reciprocal_upper,h_XY_1_3,h_XY_1_4,28,509,509,509,1.0,-143.51536577460917,95.2138018504645,0.9588342364063833,"[-0.7677287601179315, -0.08713163912368507, -0.5677708351583549]","[-0.8006897657256207, -0.09087247390148052, -0.5921470193704225]"
9684b434-653b-49d4-a554-6eda264a2b82,reciprocal_lower,h_XY_1_4,h_XY_2_4,34,509,502,462,0.9862475442043221,132.8786674818309,92.14445846944065,0.6786364024923746,"[-0.46145343564012486, -0.025393979111336663, 0.49695396099499034]","[-0.6799715340134733, -0.03741912313880333, 0.7322830888084791]"
f48d8f29-85cc-416e-94cf-151e788ba86d,reciprocal_upper,h_XY_2_4,h_XY_2_5,28,509,496,494,0.9744597249508841,177.54353971000756,101.22540579385328,0.8351147824030326,"[-0.8183854227276819, -0.16257121186180737, 0.03510841393001508]","[-0.97996759244614, -0.19466930209762387, 0.04204022569088173]"
0eb1a6e7-97fb-4928-979b-a6cd8a8167e5,reciprocal_lower,h_XY_2_5,h_XY_3_5,34,509,427,377,0.8388998035363457,172.59404061999723,59.87892121123511,0.9079919800050003,"[-0.7788311184937972, 0.4556566959482414, 0.10123487569327808]","[-0.8577510987371366, 0.5018289874605854, 0.11149313862080652]"
872738b6-44fb-4534-9c9c-ebe79ebcd4a9,reciprocal_upper,h_XY_0_2,h_XY_0_3,7,509,433,415,0.8506876227897839,-174.86872247974722,107.86803354358254,0.8973280672654617,"[-0.8506234247681358, -0.27532327335485446, -0.07638419134391965]","[-0.947951430250416, -0.3068256565225704, -0.08512404117336328]"
9fc5ba79-cf91-40ef-8608-a9a9d590d038,reciprocal_lower,h_XY_0_3,h_XY_1_3,13,509,509,509,1.0,172.64670016219512,71.25364530242132,0.914776820251499,"[-0.8591242477863379, 0.2939902596515652, 0.11086877362453149]","[-0.9391626774606504, 0.32137921856255464, 0.12119762019554715]"
bfbf6737-84b6-44de-8f9d-a44e79eb4a37,reciprocal_upper,h_XY_1_3,h_XY_1_4,7,509,503,490,0.9882121807465619,-137.8357963339919,126.7837587800114,0.9032742476204862,"[-0.5362262651550539, -0.5408775455655053, -0.485610172540951]","[-0.5936472412090189, -0.5987965969254078, -0.5376110011109071]"
65e75c01-b27f-46fd-aac6-50824c09de68,reciprocal_lower,h_XY_1_4,h_XY_2_4,13,509,486,486,0.9548133595284872,171.9460214626778,46.395150766481976,0.8781388604239068,"[-0.6296002808167428, 0.6056355395324929, 0.08908949341680156]","[-0.7169712094426772, 0.689680831617146, 0.10145262603888763]"
7ea896c5-bd1c-4437-8583-4eca5d21d834,reciprocal_upper,h_XY_2_4,h_XY_2_5,7,509,286,265,0.5618860510805501,-43.602563785128034,55.02116604146647,0.4885681161982889,"[0.2898845532962576, 0.2800832948823998, -0.276078064781671]","[0.5933349796788743, 0.5732737884367509, -0.5650758934699348]"
a0e4d7ac-5f69-44ec-93c5-dd0b30d13e46,reciprocal_lower,h_XY_2_5,h_XY_3_5,13,509,509,509,1.0,174.6505690357416,113.56787339689865,0.6692201981479131,"[-0.6107270049363478, -0.26757775919241433, 0.05718690266290488]","[-0.9125949973215887, -0.3998351513193173, 0.08545304343947081]"
38ef95d1-4004-46e3-8df5-f124aeec3b99,reciprocal_lower,h_XY_0_3,h_XY_1_3,76,509,501,474,0.9842829076620825,153.9035674828692,73.33868300881154,0.9429905256911953,"[-0.8113031099377541, 0.27036838237444155, 0.39739065560341646]","[-0.8603512843812331, 0.2867137845062296, 0.4214153215506976]"
77277e0c-9334-4f5c-b315-24ebc9c9bb8f,reciprocal_upper,h_XY_1_3,h_XY_0_3,56,509,509,509,1.0,55.68741980157974,93.67702289031091,0.9839376659384818,"[0.5535111624273884, -0.06310200133057259, 0.8110344388179981]","[0.562546979944556, -0.06413211274962807, 0.8242742064807853]"
35bcf917-aea3-42b1-8afe-2210b6d9c30b,reciprocal_upper,h_XY_0_4,h_XY_0_5,112,509,502,495,0.9862475442043221,-151.97676367179747,99.06246637328191,0.8431167541337052,"[-0.7349767839297624, -0.1328003258068386, -0.39117650958463185]","[-0.8717378468951721, -0.15751119302959377, -0.46396481586534494]"
aa75483d-44c7-4cb0-9379-ab434b0bfcb0,reciprocal_lower,h_XY_0_5,h_XY_1_5,118,509,509,509,1.0,165.72549120614246,58.69300333208664,0.7959691781907894,"[-0.6590755137927772, 0.41360425058714945, 0.16768399937009473]","[-0.8280163753210058, 0.5196234501532556, 0.210666447853213]"
64448003-2326-458f-b045-ec1d71299c52,reciprocal_upper,h_XY_1_5,h_XY_1_6,112,509,509,509,1.0,-156.38323093709008,101.29132960206792,0.9486117778687282,"[-0.8523380639912653, -0.185736050339096, -0.37267445497018425]","[-0.8985109439672322, -0.19579774853354046, -0.3928629853273402]"
12808c30-2581-45e2-a58c-017e71a6f991,reciprocal_lower,h_XY_1_6,h_XY_2_6,118,509,507,507,0.9960707269155207,155.71791814450904,55.55539933460916,0.7552663356628212,"[-0.5677459310917461, 0.4271855305148799, 0.25613339890188513]","[-0.7517161884270833, 0.5656091240184592, 0.3391299026681795]"
573fa9e0-463c-4779-bbbb-679c5da4d92d,reciprocal_upper,h_XY_0_4,h_XY_0_5,91,509,509,509,1.0,-130.1339576672741,104.59742218068061,0.8926522474401803,"[-0.5568099180288949, -0.22497141406832238, -0.6604381976360542]","[-0.6237702527783179, -0.2520258193641063, -0.7398605666764003]"
151100eb-b035-4af4-8d77-b1a22311fdf3,reciprocal_lower,h_XY_0_5,h_XY_1_5,97,509,509,509,1.0,-149.35932939942805,58.93815776431626,0.8750199955236441,"[-0.6448996139351414, 0.45147790588809267, -0.38201070797479764]","[-0.7370112880097212, 0.5159629587869152, -0.4365736896631584]"
31fccb07-bee5-4f1b-b0ca-bbbf89618013,reciprocal_upper,h_XY_1_5,h_XY_1_6,91,509,509,509,1.0,-150.88124513171564,103.35391019159361,0.9284916112030153,"[-0.7892106475773887, -0.21444935215256747, -0.43960743986674533]","[-0.849992221851994, -0.23096530928773032, -0.4734640944113225]"
bc4c7b45-1a87-458b-88bf-741359ee191c,reciprocal_lower,h_XY_1_6,h_XY_2_6,97,509,509,509,1.0,158.98126623050516,53.56402973188023,0.8852254721337074,"[-0.6647962153358435, 0.5257567255822435, 0.25544078392950753]","[-0.7509908337064103, 0.5939240816410121, 0.2885601374684854]"
3290c018-c49e-4e6d-8365-af6b198823b5,reciprocal_upper,h_XY_0_4,h_XY_0_5,49,509,509,509,1.0,-147.1327639786362,114.72162074884186,0.8283110761055218,"[-0.6319608309930578, -0.34640786957718156, -0.40832136214585896]","[-0.762951081089431, -0.41820987255885894, -0.4929565400304285]"
a648f8cf-9799-4d67-8cf8-332143cfe7c0,reciprocal_lower,h_XY_0_5,h_XY_1_5,55,509,484,479,0.9508840864440079,172.35969070768806,70.90322714224865,0.7219628867926925,"[-0.6761746691136578, 0.23620075315756398, 0.09070518707809981]","[-0.9365781558627645, 0.32716467491408274, 0.12563691117289424]"
fb6d7c5e-730e-4247-85c3-b7eed558818f,reciprocal_upper,h_XY_1_5,h_XY_1_6,49,509,440,414,0.8644400785854617,-117.82901132736421,105.36975758323456,0.83640022459397,"[-0.37649581826235273, -0.22168553951939995, -0.7132122798296434]","[-0.45013835146340664, -0.26504720228526607, -0.8527165092236457]"
5ed4d614-e61b-4a4f-81ff-ce2595c9485d,reciprocal_upper,h_XY_0_4,h_XY_0_5,28,509,507,486,0.9960707269155207,-148.40507202421432,90.02773298670984,0.9606167658552508,"[-0.818227632096046, -0.0004649691685294563, -0.5032771569626141]","[-0.8517732161040998, -0.0004840319105980704, -0.5239104446761756]"
d71d841e-f1b0-4e95-8e4a-d75e2ecd63b3,reciprocal_lower,h_XY_0_5,h_XY_1_5,34,509,455,426,0.8939096267190569,169.4831752621945,64.62563159898092,0.8655222786099851,"[-0.7688858989563304, 0.37090310872216586, 0.14273812769043065]","[-0.8883490557760672, 0.4285309782179499, 0.16491560207978215]"
d760a396-1092-4a9b-9e2f-1bd47a6ac7ab,reciprocal_upper,h_XY_1_5,h_XY_1_6,28,509,509,509,1.0,-161.2350927771975,114.2943497557728,0.9638691001709362,"[-0.8318165190196091, -0.39655934162678785, -0.2826050415667757]","[-0.8629973913180655, -0.411424478237201, -0.29319856971932956]"
9e71fd30-b0db-4bf5-9596-39fd97eaf6bc,reciprocal_lower,h_XY_1_6,h_XY_2_6,34,509,508,508,0.9980353634577603,-172.72756484677606,71.20641281426508,0.903051069459637,"[-0.8480278734639376, 0.29092669752326844, -0.1082202224569446]","[-0.9390696740676872, 0.3221597397557501, -0.11983843009200006]"
53994109-81bf-4127-838c-5119c6b6cf58,reciprocal_upper,h_XY_0_4,h_XY_0_5,7,509,488,456,0.9587426326129665,167.88426759419542,115.16662256929152,0.838679991330704,"[-0.7421604811916118, -0.3566504408870472, 0.15931858344518315]","[-0.8849149721743712, -0.4252521159127244, 0.1899634963180628]"
b6969811-6e6b-44cd-9cff-2ff770420798,reciprocal_lower,h_XY_0_5,h_XY_1_5,13,509,407,398,0.7996070726915521,120.84311469918588,58.53988241628605,0.8466735015849126,"[-0.37027204967926775, 0.4418830770000767, 0.6200757806698429]","[-0.4373256621190397, 0.5219049328612541, 0.7323670570876556]"
8c0136d4-784a-4933-8ac9-f57887c7b45f,reciprocal_upper,h_XY_1_5,h_XY_1_6,7,509,509,509,1.0,-153.10863912529115,119.04797709468306,0.8975974211541704,"[-0.6998396692956197, -0.4358210857072098, -0.3549162563138011]","[-0.779681016012429, -0.4855418202369742, -0.39540694742352767]"
74ba5019-a759-4d80-a1c9-6c87842ed0e5,reciprocal_lower,h_XY_1_6,h_XY_2_6,13,509,509,509,1.0,162.04125847206777,34.40282381634296,0.9091880050221307,"[-0.48867019804948003, 0.7501579787671621, 0.15838962373328003]","[-0.5374798120412788, 0.8250856529380877, 0.17420997951839964]"
84a3bcb6-7f91-40b3-ad22-7ccce759dbdc,reciprocal_lower,h_XY_0_5,h_XY_0_4,6,509,504,498,0.9901768172888016,-34.76370920052081,73.35064327962782,0.85333998796581,"[0.6716379791724811, 0.24449367930948573, -0.4661699269282662]","[0.7870696189610548, 0.28651379609235145, -0.5462886229432667]"
c2694011-a18e-40a2-b65d-035072981233,unpaired,h_XY_0_4,h_XY_0_3,0,509,384,120,0.7544204322200393,71.14915727752901,125.23536560627444,0.8383226309946479,"[0.22124095469102775, -0.48365899666842643, 0.6480055929904326]","[0.2639090804795895, -0.5769365859711764, 0.7729787662079346]"
5cf784a9-a439-4b4e-891d-e57a2aff3826,reciprocal_lower,h_XY_0_3,h_XY_0_2,6,509,506,506,0.9941060903732809,-16.842656098099862,46.48884689088543,0.8978080068028486,"[0.6231959114130913, 0.6181370086001564, -0.1886603076329531]","[0.6941304896938173, 0.6884957629208294, -0.2101343563472824]"
ee28c697-6e31-4eb8-a94c-69042a607eb9,unpaired,h_XY_0_2,h_XY_0_1,0,509,329,329,0.6463654223968566,3.0119632316568823,89.7902017306476,0.6579977196312534,"[0.657084346882132, 0.002409365497863442, 0.034573907507096935]","[0.9986118907074127, 0.003661662382680699, 0.052544114478804575]"
c7f664e2-265a-464e-9fac-3858f5a158ee,reciprocal_lower,h_XY_0_5,h_XY_0_4,27,509,509,509,1.0,-6.734390079182959,116.40162787098473,0.9446996332886016,"[0.8403284614944875, -0.4200707319325679, -0.09922728511635723]","[0.8895191994191987, -0.44466062770687886, -0.10503580357169856]"
12eca75d-13f2-4240-beec-28a39a2fc83e,reciprocal_upper,h_XY_0_4,h_XY_0_3,21,509,438,414,0.8605108055009824,35.50036717249583,111.59473070914522,0.8587043518552279,"[0.6500130591433084, -0.3160367277585762, 0.4636560940459171]","[0.7569695643663124, -0.3680390428624007, 0.5399484619405849]"
2edb278f-5580-44ce-9af3-b285a7003c5c,reciprocal_lower,h_XY_0_3,h_XY_0_2,27,509,509,509,1.0,-34.56651134472787,72.14749219408041,0.9029574573253855,"[0.7077535702751175, 0.2768176272894334, -0.48763619094997235]","[0.7838171826738398, 0.3065677403112478, -0.5400433730226674]"
1530fe0a-976e-4b7f-8ab2-29eabfaf4d9a,reciprocal_upper,h_XY_0_2,h_XY_0_1,21,509,509,509,1.0,29.723833582706465,115.47142365094916,0.8906312075381736,"[0.6982676049750476, -0.38302563875510615, 0.3986698630942138]","[0.7840143025137809, -0.43006087762615164, 0.4476262000701635]"
2484bc57-8b09-4c3c-9bfa-1b089e239062,reciprocal_lower,h_XY_0_5,h_XY_0_4,48,509,494,494,0.9705304518664047,-13.636332095975938,74.57383833599168,0.917343687801265,"[0.8593687201982352, 0.24401002923033424, -0.20848009480207824]","[0.9368012573978821, 0.2659963026673129, -0.22726497993546313]"
d116b887-9351-4d6b-9cc5-f486c518c7c7,reciprocal_upper,h_XY_0_4,h_XY_0_3,42,509,509,509,1.0,-1.5352106153284406,121.38144031141712,0.8610785607903817,"[0.7348557056470862, -0.44839212189736116, -0.019694789949125175]","[0.853413078793373, -0.5207331157865355, -0.022872233552124883]"
fd52686b-a079-406c-aa0b-05c503472350,reciprocal_lower,h_XY_0_3,h_XY_0_2,48,509,416,339,0.8172888015717092,-40.686628609316486,55.658999419156146,0.9562117097720074,"[0.598696810915065, 0.5394153351266983, -0.5147174552464568]","[0.6261132391463959, 0.5641170565201641, -0.5382881740375074]"
38219493-cc31-44ba-9cb2-309e1d4a33bc,reciprocal_upper,h_XY_0_2,h_XY_0_1,42,509,509,509,1.0,62.246478733779476,108.22159125998851,0.9728880704930294,"[0.4303255241925779, -0.3042151750562962, 0.8177923136111637]","[0.44231760800037595, -0.3126928824424062, 0.8405821167040644]"
c2afb419-ad3f-4a3d-9f4d-cb14ee73efcb,reciprocal_lower,h_XY_0_5,h_XY_1_5,76,509,496,494,0.9744597249508841,175.6096344038253,58.816161201021096,0.9115912805592444,"[-0.7775873326809982, 0.47200894704780305, 0.059700559063695854]","[-0.8529999674897754, 0.5177857194489994, 0.06549048936390732]"
e96b3d76-228a-4bef-815c-2e54ce6bb610,reciprocal_upper,h_XY_1_5,h_XY_0_5,56,509,509,509,1.0,-106.0063763385211,37.871494951319654,0.8685238439574111,"[-0.14702144977610232, 0.6856036883179689, -0.5125094568816149]","[-0.16927739036639697, 0.7893895983258556, -0.5900925581344734]"
2e2911f6-a535-494c-93f7-1f94cbe0b71f,reciprocal_lower,h_XY_0_5,h_XY_0_4,90,509,487,444,0.9567779960707269,-7.6589981635639,56.99429797697486,0.9106251424527777,"[0.7568523564252425, 0.49603800055152486, -0.1017789892342465]","[0.8311349216502559, 0.5447224960376579, -0.11176826170217945]"
c097df59-9a2d-4371-89ce-133542ebfc6a,reciprocal_upper,h_XY_0_4,h_XY_0_3,84,509,509,509,1.0,23.49035574767803,108.30731555577132,0.8739320354605091,"[0.7609388595954995, -0.27451400472244286, 0.33071334380834394]","[0.8707071359325224, -0.3141136765604326, 0.3784199804897621]"
e2af78e1-01d4-41ff-b1a6-b6f6b2927131,reciprocal_lower,h_XY_0_3,h_XY_0_2,90,509,508,508,0.9980353634577603,-66.26229848264333,84.09556350885084,0.8649172397272313,"[0.34632551008050527, 0.08897365388801691, -0.7875431172695665]","[0.40041462254784727, 0.10286955768863677, -0.9105415883696961]"
ddd8a398-4d30-48fe-982c-e85f8b00e27b,reciprocal_upper,h_XY_0_2,h_XY_0_1,84,509,496,495,0.9744597249508841,11.280306060831197,82.7591847701368,0.9360211281235888,"[0.9106186167983278, 0.11797605120563823, 0.18163407823418146]","[0.9728611774221543, 0.1260399446774679, 0.19404912215848952]"
bb0421f4-3f05-408d-8b9b-4731f6a832e5,reciprocal_lower,h_XY_0_5,h_XY_0_4,111,509,508,508,0.9980353634577603,-25.48978253714672,78.13540538977233,0.8102220079541295,"[0.7157321099805751, 0.16658122806705514, -0.3412300446497158]","[0.883377769246051, 0.20559948561220284, -0.42115622792245166]"
e5f906a8-c587-433b-ba7d-e7e2960c1464,reciprocal_upper,h_XY_0_4,h_XY_0_3,105,509,504,504,0.9901768172888016,-1.7558621614829877,116.22539388572186,0.8681258929269184,"[0.778397613673808, -0.38362785362291, -0.023861913623170822]","[0.8966413973086458, -0.4419034805303348, -0.027486697283869165]"
d827c681-6c47-4a04-84c0-78b7f53617a4,reciprocal_lower,h_XY_0_3,h_XY_0_2,111,509,509,509,1.0,-15.183021605685294,66.90729985810378,0.8940637713217644,"[0.7937163576609776, 0.3506696227651683, -0.2153954188027731]","[0.8877625770335874, 0.3922199221278656, -0.24091728768333517]"
e28bb508-468e-4605-a1e2-ac96ec18d7fd,reciprocal_upper,h_XY_0_2,h_XY_0_1,105,509,509,509,1.0,33.2199397690477,129.86665334642618,0.9338906342928647,"[0.5996534181190467, -0.5986267225424422, 0.392700320876068]","[0.6421024005376176, -0.6410030260081986, 0.4204992602516224]"
c1ea3a54-18ef-46c7-ac8b-ffbc68c73890,unpaired,h_XY_0_5,h_XY_0_4,132,509,129,128,0.25343811394891946,1.601191653985011,122.7393576198736,0.6150509722589097,"[0.5171416508638664, -0.3326307865440438, 0.01445583831937022]","[0.8408110452448359, -0.5408182436040776, 0.023503480152674144]"
b7e9025e-267f-4a8a-8ce3-72c3ca4c3349,reciprocal_upper,h_XY_0_4,h_XY_0_3,126,509,508,508,0.9980353634577603,24.394527005625392,122.34891907341023,0.8988765386392628,"[0.6915809681959071, -0.4809653195615166, 0.31363538946426645]","[0.7693837122980606, -0.5350738381598117, 0.3489193187076102]"
8ae7fdb0-3fd5-428a-8fcf-6cb7a8e29332,unpaired,h_XY_0_3,h_XY_0_2,132,509,284,233,0.5579567779960707,-45.95929077920092,112.47999347898545,0.6027059544850047,"[0.3871454785432987, -0.23045113640488027, -0.40033126251250994]","[0.6423455346050192, -0.3823608090976872, -0.66422317472304]"
66015e9c-5bcc-4714-b87d-38de449ca47c,reciprocal_upper,h_XY_0_2,h_XY_0_1,126,509,504,504,0.9901768172888016,-80.77400378267609,7.926804208262659,0.6926286012266135,"[0.015314465281097187, 0.6860105732519787, -0.09428329532202888]","[0.022110645234655297, 0.9904450553111515, -0.13612388393297287]"
0ad7ae39-8197-454e-af53-b9ba949030cd,reciprocal_lower,h_XY_1_0,h_XY_2_0,13,509,509,509,1.0,148.72291581805135,60.75881956646185,0.8452468390420852,"[-0.6303491047158326, 0.4128920351739188, 0.3829130350151642]","[-0.7457574232755543, 0.4884869319852739, 0.45301918602750174]"
24954e5b-be3b-44f2-b8cd-dd44da06e4b2,reciprocal_upper,h_XY_2_0,h_XY_2_1,7,509,509,509,1.0,-146.77697897495182,109.35018250220546,0.9171085848598504,"[-0.7238635182506286, -0.3038755782159757, -0.4740985091026608]","[-0.7892887823760226, -0.33134089379657594, -0.5169491562169937]"
c8241463-0e85-45c4-b96b-7376ad3ab8ae,reciprocal_lower,h_XY_2_1,h_XY_3_1,13,509,509,509,1.0,140.01623802324585,66.6282769388125,0.867922096249921,"[-0.610460025757413, 0.3443002750875944, 0.5119420305910843]","[-0.7033580875461766, 0.3966949068069953, 0.5898479054779923]"
ee37c501-52fb-40f0-b08b-709cee80dbcd,reciprocal_upper,h_XY_3_1,h_XY_3_2,7,509,507,507,0.9960707269155207,-123.62164761588797,80.79794543263024,0.68726607041922,"[-0.3756460957367369, 0.10990524315620197, -0.5649296414899813]","[-0.5465803011453766, 0.15991658527411623, -0.8219955353614129]"
